Date,Open,High,Low,Close,Adj Close,Volume,MACD_12_26,Macd_signal,trix_15,adi,rsi,rsi5,wr,ema_12,stoch_k,mfi_14,mavg,mavglow,adx,Close SMA50,Close SMA200
2020-07-08,118.05999755859375,118.63999938964844,116.4800033569336,117.70999908447266,111.7689208984375,5192800,,,,721212.5418999346,,,,,,,,,,,
2020-07-09,118.0,118.0,115.19999694824219,115.70999908447266,109.869873046875,4763000,,,,-2306689.2243029745,,,,,,,,,,,
2020-07-10,115.5,118.56999969482422,115.29000091552734,118.3499984741211,112.37661743164062,4285700,,,,1404096.3961438104,,,,,,,,,,,
2020-07-13,119.77999877929688,120.98999786376953,118.66000366210938,119.19999694824219,113.1837158203125,4650700,,,,-1090935.7708388385,,,,,,,,,,,
2020-07-14,118.62000274658203,120.88999938964844,117.91999816894531,120.5999984741211,114.51305389404297,4534400,,,,2557956.073675706,,,,,,,,,,118.31399841308594,
2020-07-15,122.4000015258789,123.95999908447266,122.1500015258789,123.0,116.79193115234375,4473400,,,,2286090.1100945226,,78.47147682561373,,,,,,,,119.3719985961914,
2020-07-16,122.68000030517578,124.4800033569336,122.16000366210938,124.01000213623047,117.7509536743164,4330900,,,,4862224.114836587,,81.04715166656395,,,,,,,,121.03199920654296,
2020-07-17,124.38999938964844,125.62999725341797,123.19999694824219,125.11000061035156,118.79542541503906,3984600,,,,7141492.128211573,,83.70174347230055,,,,,,,,122.38399963378906,
2020-07-20,126.06999969482422,127.06999969482422,125.13999938964844,126.37000274658203,119.9918441772461,9927700,,,,9867784.248194654,,86.42428851487665,,,93.4970166387223,,,,,123.81800079345703,
2020-07-21,131.16000366210938,132.1699981689453,125.80000305175781,126.05999755859375,119.69747161865234,15356600,,,,-4235241.276401481,,82.20129626806097,,,74.87574867749144,,,,,124.91000061035156,
2020-07-22,125.9000015258789,129.47000122070312,125.80000305175781,128.6699981689453,122.17575073242188,8195400,,,,387216.88081817515,,88.24578673851254,,,65.46887893965545,,,,,126.04400024414062,
2020-07-23,129.10000610351562,129.3699951171875,127.1500015258789,127.33000183105469,120.90337371826172,4220100,,,,-3148539.4428340476,,72.45473336922672,,,50.0330956724977,,,,,126.70800018310547,
2020-07-24,126.4800033569336,127.6500015258789,125.5,125.79000091552734,119.44110870361328,3531100,,,,-5727061.2976627415,,57.63797450131727,,,40.10782298476473,,,,,126.84400024414063,
2020-07-27,124.86000061035156,126.31999969482422,124.70999908447266,126.20999908447266,119.83990478515625,3733400,,,0.5771996933326307,-2503817.9721957375,,60.39875406467247,,123.15142822265625,25.131921393525175,123.15142822265625,,,,126.81199951171875,
2020-07-28,125.81999969482422,126.33999633789062,124.1500015258789,124.47000122070312,118.18772888183594,4178200,,,0.3998713778116114,-5460989.7600911,66.39185556692276,45.15814196253516,,123.32723795572916,11.789461593472367,123.32723795572916,,,,126.49400024414062,
2020-07-29,124.55999755859375,125.98999786376953,124.06999969482422,125.31999969482422,118.99483489990234,2832800,,,0.26796080070667916,-4605244.575753626,67.82040314627756,52.48013150092606,,123.59293952094184,16.569066435665547,123.59293952094184,,,,125.82400054931641,
2020-07-30,123.70999908447266,123.9000015258789,121.63999938964844,122.9000015258789,116.69698333740234,3988100,,,0.10198368495126786,-4146433.2751456387,60.00073504651545,35.57631393676882,,123.50054778826679,16.85501485411913,123.50054778826679,,,,124.93800048828125,
2020-07-31,122.70999908447266,122.98999786376953,121.08999633789062,122.94000244140625,116.73495483398438,5277100,,,-0.033444859927722614,852950.270672854,60.08266243230677,36.00222572419306,,123.42580840868538,26.5960746184165,123.42580840868538,,,,124.36800079345703,
2020-08-03,123.5,124.41000366210938,122.1500015258789,124.30999755859375,118.03580474853516,3526100,,,-0.08305020963993437,4066987.272188604,62.88643949461804,50.11983282492686,,123.54370029533983,39.17888480309136,123.54370029533983,,,,123.98800048828124,
2020-08-04,123.81999969482422,125.86000061035156,123.81999969482422,125.83999633789062,119.48857879638672,3466100,,,-0.04597239660641961,7465110.039189244,65.77745832961978,61.863818332153784,,123.84987310101327,64.50343780115396,123.84987310101327,130.28569263366413,116.70430675598432,,124.26199951171876,123.49499969482422
2020-08-05,126.7300033569336,126.75,124.61000061035156,125.44999694824219,119.1182632446289,3619600,,,-0.0026138048069501707,6687053.601618387,64.40036257510415,57.54672835383224,,124.06322294731046,78.43462165696565,124.06322294731046,130.17370773128556,117.5902914447398,,124.28799896240234,123.88199958801269
2020-08-06,125.0,126.26000213623047,125.0,126.12000274658203,119.75445556640625,3417100,,,0.05134920414775479,9344802.644009896,65.72784206255136,63.07954269305731,,124.33746025388001,87.61327402150654,124.33746025388001,129.51594506556097,119.28905447667535,,124.93199920654297,124.40249977111816
2020-08-07,123.5,125.06999969482422,123.20999908447266,124.95999908447266,120.20657348632812,3651000,,,0.058088542549450395,12563961.679917261,61.45510937998638,49.20210146073607,,124.42046543129236,75.66266681747332,124.42046543129236,129.02788145372062,120.43811814955086,,125.33599853515625,124.73299980163574
2020-08-10,125.41999816894531,127.23999786376953,125.18000030517578,127.11000061035156,122.2747802734375,3968300,,,0.11070275380682393,16031418.270092366,65.88204703672595,66.35220878333463,,124.77907012183358,82.24349937138241,124.77907012183358,128.71005401614497,121.54694595333747,,125.89599914550782,125.12849998474121
2020-08-11,128.75999450683594,130.47000122070312,126.61000061035156,126.75,121.92848205566406,5001200,,,0.14835710549927494,11392997.978277955,64.54529657932532,61.97297695684374,,125.04186077225577,68.87383775907432,125.04186077225577,128.4148742385952,122.45712588347513,,126.07799987792968,125.43600006103516
2020-08-12,127.61000061035156,127.79000091552734,125.87999725341797,126.69999694824219,121.88037872314453,3529700,,,0.16473059487249753,10894028.212192347,64.34999321745349,61.2708754196035,,125.26294559572062,64.53539044700263,125.26294559572062,128.4262645944041,122.81573522249043,,126.32799987792968,125.62099990844726
2020-08-13,125.95999908447266,126.38999938964844,124.7699966430664,125.02999877929688,120.27391052246094,3171300,,,0.11507606272553872,8740682.99821645,58.034129366159526,41.597025964807926,,125.23188602019745,40.63358985325854,125.23188602019745,128.39411284061322,122.94988664058795,,126.10999908447266,125.67199974060058
2020-08-14,124.19999694824219,125.55999755859375,123.91000366210938,125.2699966430664,120.5047836303711,2963400,,,0.06170886918417384,10662395.85633693,58.6620564084915,44.782079244456845,,125.23696743657997,31.29068291777126,125.23696743657997,128.3963935555498,122.96360552892288,34.23214116959657,126.1719985961914,125.67999954223633
2020-08-17,125.25,125.58999633789062,124.41000366210938,124.44000244140625,119.70635223388672,3360100,,,-0.005645364014716936,7473142.507141255,55.565557096029735,36.23866245866797,,125.13070543722348,17.959906556582393,125.13070543722348,128.3319254585609,122.83507359539416,33.51824370236996,125.63799896240235,125.58349952697753
2020-08-18,125.0,125.5,124.23999786376953,124.91999816894531,120.1680908203125,2882400,,,-0.04533570358982164,7701900.533432346,56.979828747814054,43.9663347589134,-42.72244831164254,125.1026111347864,18.280555137225598,125.1026111347864,128.28031252335018,122.77268659164004,32.76058614214123,125.27199859619141,125.52649955749511
2020-08-19,124.83000183105469,125.5,123.5,123.83999633789062,119.12918090820312,3743900,,,-0.09675102915580602,5230912.822861057,52.90001187535849,32.78941602213356,-49.0866307121547,124.9342624952003,15.291546342332362,124.9342624952003,127.7227727515333,122.84722618035146,31.638570955867444,124.69999847412109,125.28499946594238
2020-08-20,123.19999694824219,124.04000091552734,122.80999755859375,123.1500015258789,118.46542358398438,2561200,,,-0.15520022044784865,4085673.4478494264,50.416325599273726,27.25597908373576,-53.4360077649893,124.69636103262411,16.675250080528766,124.69636103262411,127.49328116214681,122.65871773922038,30.21479089926635,124.3239990234375,125.0759994506836
2020-08-21,123.01000213623047,123.4800033569336,122.30999755859375,123.16000366210938,118.47504425048828,3385100,,,-0.19473300146346517,5619105.757849101,50.452641188935374,27.477742320405408,-63.22803162691886,124.49151338322214,16.63659180997789,124.49151338322214,127.47557255635186,122.41342661967352,28.61807984745587,123.9020004272461,124.94449958801269
2020-08-24,123.79000091552734,126.05999755859375,123.36000061035156,125.68000030517578,120.89918518066406,4070800,0.34739609964978513,0.6981037618670393,-0.1367083856160023,8544057.929968435,58.666519274416615,63.000443263216134,-45.5438446580318,124.6499783061493,42.67064456280318,124.6499783061493,127.40625523275894,122.42974406533678,28.192095372846715,124.15,124.91799964904786
2020-08-25,126.0,126.81999969482422,124.48999786376953,124.63999938964844,119.89875030517578,2977700,0.3257279712905756,0.6236286037517466,-0.09034562271593716,5949756.3785502855,54.64062949563508,50.292350647334814,-67.96026656053455,124.64864778394917,55.81485236222716,124.64864778394917,127.40973196034784,122.4432671546424,28.064294277046635,124.09400024414063,124.92649955749512
2020-08-26,124.94999694824219,125.12000274658203,123.94999694824219,124.16999816894531,119.44661712646484,3388300,0.2675465429041566,0.5524121915822285,-0.07006009002324953,3835689.6125498293,52.874715494921,45.14778735799517,-72.20215413302411,124.58482783528198,60.92380211853497,124.58482783528198,127.36633977240103,122.37165919000131,27.622765002787578,124.16000061035156,124.86899948120117
2020-08-27,124.5999984741211,125.0999984741211,123.9800033569336,124.6500015258789,119.90836334228516,3422700,0.2572047053436535,0.4933706943345135,-0.04592878733139516,4508012.345519857,54.49230624454737,51.4834467464082,-67.86999458781307,124.59351766069491,48.26314350077957,124.59351766069491,127.2889413264179,122.62405763598446,27.21277353383274,124.46000061035156,124.95649948120118
2020-08-28,124.95999908447266,125.30000305175781,124.22000122070312,125.06999969482422,120.31238555908203,3099600,0.27967514574237384,0.4506315846160856,-0.012717321067223786,6287395.315044716,55.91811931004982,56.92514693085595,-64.0793980215909,124.65704859857883,47.51613171101865,124.65704859857883,127.20408329265479,122.92191539508934,26.91647716804299,124.84199981689453,125.06299934387206
2020-08-31,125.25,125.25,123.02999877929688,123.30999755859375,118.61933135986328,4827900,0.15369397968034093,0.39124406362893666,-0.037273674948012925,2677337.9846440013,48.991113456517155,35.857974943522706,-79.9638912109114,124.47744179324748,36.23151493135491,124.47744179324748,127.2658733283279,122.76012535941624,25.86457255538711,124.36799926757813,125.01299934387207
2020-09-01,122.8499984741211,123.94999694824219,122.1500015258789,123.4000015258789,118.70591735839844,3155300,0.060419092210835856,0.3250790693453165,-0.06855501646806372,3904410.2407040875,49.336749630360465,37.34031804922705,-75.37309183899221,124.33378309093168,32.16410039952178,124.33378309093168,127.21467622224407,122.5673229842989,24.360941994649153,124.11999969482422,124.89099960327148
2020-09-02,123.72000122070312,128.6999969482422,123.58000183105469,128.17999267578125,123.30408477783203,6592400,0.36796177532852425,0.333655610541958,0.051033759324070616,9157716.711390495,63.48716111160858,75.27435809376377,-24.413724443981728,124.84661103557829,46.377115729755246,124.84661103557829,127.75255787391907,122.30244090537781,24.844679298331393,124.9219985961914,125.02749938964844
2020-09-03,128.19000244140625,129.9499969482422,123.6500015258789,124.44999694824219,119.71597290039062,5716800,0.30717120662470165,0.3283587297585068,0.07143456577705098,4892795.172867474,51.41844923267214,47.32698449132321,-64.17911661743081,124.79372915726681,53.74355216347615,124.79372915726681,127.63212923907132,122.25586896039157,25.651319237387547,124.88199768066406,124.94399909973144
2020-09-04,124.3499984741211,125.3499984741211,121.23999786376953,122.30000305175781,117.64776611328125,6018200,0.08453325699048264,0.27959363520490194,-0.009404951847724607,1978888.250724413,45.99138372292187,37.33867940112148,-87.10014835829831,124.46123234319894,44.572705501914974,124.46123234319894,127.73561545710061,121.88638313909081,25.12551091592262,124.32799835205078,124.81099929809571
2020-09-08,122.16000366210938,122.87000274658203,120.70999908447266,121.20999908447266,116.5992202758789,5210300,-0.17781341042079646,0.18811222607976225,-0.1312981620646414,-819239.9129964649,43.48547175338542,32.93387468580145,-94.87705030161898,124.02773457536877,15.689458414182353,124.02773457536877,127.63715903802564,121.39483940557788,24.382820482124004,123.90799865722656,124.51599922180176
2020-09-09,122.12999725341797,123.69999694824219,121.29000091552734,122.26000213623047,117.60928344726562,3770700,-0.2975683803558411,0.09097610479264157,-0.19794810225555182,-1554595.8267366788,46.50902100151403,41.27564884643318,-84.1188246670153,123.792036916817,11.452055272847375,123.792036916817,127.3833904109232,121.19960824630337,23.987563657055876,123.67999877929688,124.29149932861328
2020-09-10,122.52999877929688,123.58000183105469,120.23999786376953,120.55999755859375,115.97393798828125,3978400,-0.5236153073773266,-0.0319421776413521,-0.2745397744700395,-4770669.315535873,42.5407084456143,32.97503791637779,-96.87194926864484,123.36109833572057,8.493918028886581,123.36109833572057,127.27196699775398,120.69703172050775,23.09608342431425,122.15599975585937,123.98449935913087
2020-09-11,121.38999938964844,122.69999694824219,120.7300033569336,121.45999908447266,116.83970642089844,3548100,-0.6229554811003766,-0.150144838333157,-0.29763052584640404,-5689219.806026208,45.206203634456166,40.84720953763751,-88.07428328089213,123.10761843555419,14.648424614270185,123.10761843555419,127.23178410443874,120.38021464434054,22.268280351054166,121.55800018310546,123.80599937438964
2020-09-14,122.36000061035156,123.37999725341797,121.76000213623047,122.08999633789062,117.44573974609375,3641500,-0.6434307026209893,-0.24880201119072348,-0.26908857580882906,-7847167.327878367,47.05760802275306,46.35977765910072,-81.91595437877135,122.97193548919904,26.879507767257376,122.97193548919904,127.0814065395528,120.21259217870892,21.7798989997459,121.51599884033203,123.64699935913086
2020-09-15,122.81999969482422,123.4000015258789,122.23999786376953,122.44000244140625,117.78243255615234,2915200,-0.6242192844137122,-0.32388546583532124,-0.21203566647020056,-9757106.11401922,48.10667458446605,49.62025842565687,-78.4945859656476,122.90101108282667,46.97563957110528,122.90101108282667,126.99964330473418,120.09435541352755,21.334876306338934,121.76199951171876,123.54699935913087
2020-09-16,122.70999908447266,125.81999969482422,122.70999908447266,124.22000122070312,119.4947280883789,3788400,-0.4600597887870208,-0.35112033042566115,-0.0996792588501938,-9866733.78590135,53.18703374209607,63.66165526718957,-61.09479911132126,123.07687643454354,62.792781308035046,123.07687643454354,126.92219179553814,120.10180722789937,21.853759005613234,122.15399932861328,123.51199951171876
2020-09-17,122.62000274658203,125.55000305175781,121.97000122070312,124.91999816894531,120.1680908203125,3171300,-0.27036174034466853,-0.33496861240946263,0.024965831264500693,-7811597.731702842,55.05069517943796,68.04033385433861,-54.252211442298155,123.32262599913044,72.40946473488341,123.32262599913044,127.02905071944524,120.10294848709772,21.890791688286583,123.0259994506836,123.56599960327148
2020-09-18,124.26000213623047,124.91999816894531,122.6500015258789,122.76000213623047,118.09026336669922,5391600,-0.2909642435725459,-0.32616773864207926,0.05476256248102551,-12680660.138898011,48.61870025566981,46.450980577959356,-75.36653523429244,123.2476094840771,59.42499557754561,123.2476094840771,127.02306655264503,120.0699327149331,21.925179179340407,123.28600006103515,123.54649963378907
2020-09-21,120.4800033569336,120.69999694824219,118.58000183105469,120.25,115.67574310302734,5311400,-0.504018064734467,-0.3617378038605568,-0.02900874383591212,-9624089.66328334,42.416777193245444,31.796194283628882,-85.954598362728,122.84792821953349,43.33835498701577,122.84792821953349,127.16202889327464,119.63997000809256,20.823766984105408,122.91800079345703,123.4009994506836
2020-09-22,120.33000183105469,121.44999694824219,119.52999877929688,120.51000213623047,115.92584991455078,2957800,-0.6444558674300112,-0.4182814165744477,-0.11579786744274623,-9562455.607541023,43.22470019827207,34.47300518518419,-83.76786876157404,122.53620474175975,24.78476906163922,122.53620474175975,126.95181152379685,119.3331875606758,19.46069930017494,122.53200073242188,123.14249954223632
2020-09-23,120.80000305175781,121.58999633789062,118.43000030517578,118.83000183105469,114.30975341796875,3939400,-0.881158376878659,-0.5108568086352899,-0.22761174670931084,-12504534.095277239,39.37996478443825,26.175514581320414,-96.52776352048977,122.04204435366574,18.44724909788756,122.04204435366574,127.02863984508933,118.67535948352396,18.658187779290238,121.4540008544922,122.85199966430665
2020-09-24,118.0999984741211,119.5199966430664,116.4800033569336,118.08999633789062,113.597900390625,3546200,-1.1155991472474796,-0.6318052763577279,-0.3323536752764311,-12294569.80694572,37.78565859952713,23.112493271301023,-88.04755941386739,121.51510461822906,17.117075127188702,121.51510461822906,127.15913501877866,117.93686412672916,18.646503142752152,120.08800048828125,122.54799957275391
2020-09-25,117.5999984741211,119.41000366210938,116.94000244140625,118.94999694824219,114.4251937866211,2953700,-1.2179603956024465,-0.7490363002066716,-0.3701672332409811,-10441048.883264339,40.785991000915864,34.28373592021877,-81.6629935674035,121.17309026223082,24.3434302097177,121.17309026223082,127.02147722180229,117.50452146594185,18.635653123109645,119.3259994506836,122.26299934387207
2020-09-28,120.56999969482422,122.33000183105469,120.41000366210938,121.7300033569336,117.09944152832031,3509200,-1.0625111713057152,-0.8117312744264803,-0.2801695664309545,-9125095.397184024,49.29806044715051,58.593166205707945,-61.02448034283015,121.24734534152452,52.385302329710186,121.24734534152452,126.67994135795144,117.51205769600364,17.36062324248119,119.62200012207032,122.09599952697754
2020-09-29,121.41000366210938,122.19000244140625,120.20999908447266,120.94000244140625,116.3395004272461,2106600,-0.9916320951460023,-0.8477114385703847,-0.1887233542173794,-9678339.372477157,47.22071037276502,51.78821981872508,-66.88937485946218,121.20636628817542,71.43982317288516,121.20636628817542,126.55230704021871,117.40269250201762,16.149866255321633,119.70800018310547,121.97749977111816
2020-09-30,121.37999725341797,122.91000366210938,120.80000305175781,121.66999816894531,117.0417251586914,3261100,-0.8665661273522716,-0.851482376326762,-0.09109685557079361,-10250206.902361957,49.3448397134102,57.490707489998506,-61.469953368348136,121.26818387227807,82.23274856347923,121.26818387227807,126.42014319029421,117.36185601624875,15.282277895533625,120.2759994506836,121.89099960327148
2020-10-01,122.36000061035156,123.30000305175781,120.36000061035156,121.08999633789062,116.4837875366211,3211700,-0.8049725251210731,-0.8421804060856243,-0.03127758727430319,-11866991.711056346,47.70217353650728,51.447163572078125,-65.77583389548461,121.24442553435975,74.06870087882562,121.24442553435975,125.03342638328617,118.03957318946773,14.26779640942631,120.8759994506836,121.53649978637695
2020-10-02,119.04000091552734,121.75,118.81999969482422,120.56999969482422,115.98356628417969,2925200,-0.7890231669780405,-0.8315489582641076,-0.012996608575455149,-11297925.863399455,46.216708469720594,46.025040210448246,-69.63624139710309,121.15450208908834,61.67641763042587,121.15450208908834,124.5932049518905,118.09179489552162,13.863363814752413,121.2,121.34249992370606
2020-10-05,121.83999633789062,122.75,121.05000305175781,122.01000213623047,117.36878967285156,3050500,-0.6526635244805448,-0.795771871507395,0.03284675890886657,-10903152.376041833,50.78707302225921,60.45273907375468,-58.94579502350274,121.26856876204063,58.506433036983275,121.26856876204063,124.56404554628082,118.09195420957855,13.000660554409544,121.25599975585938,121.32799987792968
2020-10-06,122.58000183105469,124.83000183105469,121.58999633789062,121.97000122070312,117.33031463623047,3872300,-0.5415822420019936,-0.7449339456063148,0.07250282331796587,-13867124.96065968,50.65829391472061,59.89680268983538,-59.242758160539076,121.3620930898623,54.22682712098327,121.3620930898623,124.61343956732858,118.11856040215383,12.84109303325238,121.46199951171874,121.36599998474121
2020-10-07,122.66999816894531,124.38999938964844,122.31999969482422,124.06999969482422,119.35042572021484,2815400,-0.2808596239820531,-0.6521190812814625,0.16162072736822797,-11922186.094601646,56.84497003143716,74.9900133858825,-43.65256162565653,121.72314730385722,70.32412963370172,121.72314730385722,124.89387936572042,118.01912035962137,12.69292319217787,121.94199981689454,121.4564998626709
2020-10-08,130.86000061035156,135.5,129.77000427246094,131.49000549316406,126.4881820678711,25288900,0.5185202073710116,-0.4179912235509676,0.46286887396305154,-22028897.158164002,70.78402980012677,90.6057169419255,-21.083045292217495,123.02539506243146,71.90876553474936,123.02539506243146,127.53422353139509,116.47177698740374,15.315735096544728,124.02200164794922,122.00300025939941
2020-10-09,132.0,132.0,127.5999984741211,127.79000091552734,122.92892456054688,8353700,0.8437488245185278,-0.1656432139370685,0.6160340382094454,-29661132.22891794,60.32108564953212,65.22220943378143,-40.53627994347348,123.66067584284424,69.98574597920343,123.66067584284424,128.3884909520703,116.25050974983401,16.860159022181886,125.46600189208985,122.31950035095215
2020-10-12,128.07000732421875,128.25,126.44000244140625,127.20999908447266,122.37098693847656,4635100,1.0426742465924974,0.07602027816884471,0.6437241244952485,-30352567.859503005,58.85251304558224,61.828150319289875,-43.58571177008804,124.13391894172803,54.33515228140922,124.13391894172803,129.00538103066555,116.14561994589695,17.8456989196197,126.50600128173828,122.57550048828125
2020-10-13,126.56999969482422,127.1500015258789,124.45999908447266,125.0999984741211,120.34124755859375,5406100,1.0183260329005606,0.2644814291151879,0.5394758096017194,-33186253.31658557,53.727868103725825,49.99690971399004,-54.67930263631328,124.2627295460471,36.04624853310559,124.2627295460471,129.23104228459522,116.18595829523876,18.03526343958442,127.13200073242187,122.708500289917
2020-10-14,125.12999725341797,126.94000244140625,125.12999725341797,125.94000244140625,121.14929962158203,3728100,1.054653805513368,0.42251590439482395,0.4293251752164995,-33577589.02289266,55.39313522656894,54.34447527783542,-50.262877212855734,124.48636593209498,24.966992770958466,124.48636593209498,129.43871318985325,116.15028751205107,18.211287636694514,127.50600128173828,122.79450035095215
2020-10-15,124.08000183105469,125.22000122070312,123.8499984741211,124.88999938964844,120.13923645019531,3385300,0.9873359616308903,0.5354799158420372,0.29903070361159134,-31823169.255003996,52.833558408447146,47.84464695263554,-55.7833989640548,124.54018372643544,15.753042059626416,124.54018372643544,129.43530650992665,116.15069431404797,17.90066687982662,126.18600006103516,122.79300041198731
2020-10-16,125.16999816894531,126.43000030517578,124.66000366210938,125.93000030517578,121.1396713256836,4710400,1.006305405279221,0.629645013729474,0.21669298440789575,-29774017.240107253,55.04909294711429,54.571717436160725,-50.31546468917432,124.72549260360083,24.479774643751124,124.72549260360083,129.73292180147695,116.17007883939219,17.938909061813376,125.81399993896484,122.95150032043458
2020-10-19,126.80000305175781,127.3499984741211,125.08000183105469,125.5199966430664,120.7452621459961,7478700,0.9769927922966275,0.6991145694429047,0.14966021108602234,-34353515.41913278,53.97273059241346,51.310375685393026,-52.47110998083024,124.83142647552957,35.91591031098516,124.83142647552957,129.96553809655836,116.46446220861743,18.21715212758984,125.47599945068359,123.21500015258789
2020-10-20,119.80000305175781,120.1500015258789,116.83999633789062,117.37000274658203,112.9052963256836,21501100,0.29275128562721875,0.6178419126797675,-0.1419820789931303,-48968994.311788976,38.04742348675846,20.64855572495203,-95.32071741993246,123.83656997833657,33.34328740324818,123.83656997833657,130.18825702650614,115.9277433397048,17.85102863456564,123.93000030517578,123.05800018310546
2020-10-21,116.66000366210938,117.69000244140625,114.79000091552734,115.05999755859375,110.68315887451172,9755300,-0.43094548001455735,0.4080844341409025,-0.48824399441974586,-56907813.71438139,34.9038267781374,17.040722705499775,-98.6962981409843,122.66636032237086,18.302254978406687,122.66636032237086,130.61009739565498,115.12890254330988,17.953832543980713,121.75399932861328,122.86949996948242
2020-10-22,115.0,116.05999755859375,112.9800033569336,115.76000213623047,111.3565444946289,7855800,-0.9371924898652821,0.1390290493396656,-0.725381453307572,-50582343.89340002,36.61295516045519,22.190487356625425,-87.65542098713945,121.74551256421881,8.84612968163878,121.74551256421881,130.84020130052556,114.66579921827326,18.415442982095946,119.9279998779297,122.75300025939941
2020-10-23,116.5,116.62000274658203,115.52999877929688,116.0,111.58740234375,3893400,-1.303999377511829,-0.14957663603063331,-0.8378478802113065,-51118136.38442326,37.22153991044203,24.20685110794999,-86.5897109536372,120.97944422232297,14.170500691660267,120.97944422232297,131.06385908985095,114.14714173412365,18.659913143075375,117.94199981689454,122.60550041198731
2020-10-26,114.44999694824219,114.9000015258789,111.83999633789062,112.22000122070312,107.9511947631836,7203400,-1.8780616635889515,-0.495273641542297,-0.9693193477245066,-56532436.69034651,32.00887365695391,16.029028522031975,-98.39389338970787,119.81151848877366,14.978235536612138,119.81151848877366,131.72467850659737,112.5353221037542,19.602680225493632,115.28200073242188,122.13000030517578
2020-10-27,112.1500015258789,112.22000122070312,110.02999877929688,110.55999755859375,106.35433959960938,5936100,-2.438845095372173,-0.8839879323082722,-1.0911534824258218,-59595365.688980885,30.020553358537466,13.521471867532556,-97.91912542640135,118.57798236474967,10.835963303326608,118.57798236474967,132.4493661050103,110.77263401705999,20.78682308054145,113.91999969482421,121.61100006103516
2020-10-28,108.66000366210938,109.7300033569336,105.91999816894531,106.6500015258789,102.59307861328125,9427300,-3.1623207428790607,-1.33965449442243,-1.2631645109999923,-65410092.84077759,25.9341606174754,9.25749848074553,-97.53210509890098,116.9875849195669,6.104786307819559,116.9875849195669,133.50831137266962,108.21168908509404,22.49849243505983,112.23800048828124,120.86000022888183
2020-10-29,107.25,109.63999938964844,106.55000305175781,108.91000366210938,104.7671127319336,6760200,-3.5128234787150205,-1.7742882912809481,-1.2952381317854034,-61844017.737817675,31.719579567973767,26.095923169136153,-89.8918008516653,115.91057408523923,13.895154595335754,115.91057408523923,133.927482471708,106.57451871847756,24.0878996928269,110.86800079345703,120.25100059509278
2020-10-30,107.9000015258789,111.80000305175781,107.75,111.66000366210938,107.41250610351562,7921500,-3.528028488515673,-2.125036330727893,-1.1446344647490947,-54470174.19680171,38.059715750418185,42.36347961831739,-80.59497925000838,115.34383136215526,32.89542736012249,115.34383136215526,133.982699734141,105.62830185277306,24.781587381961355,110.0000015258789,119.80550079345703
2020-11-02,112.6500015258789,113.83000183105469,112.25,112.91000366210938,108.61494445800781,5311500,-3.400020692906324,-2.3800332031635794,-0.8943094759296777,-55344199.02127755,40.752694973668,48.770569102652445,-76.36915124925525,115.01932100214914,60.07766840788249,115.01932100214914,133.79703958963367,104.90396214986828,24.746002191442432,110.13800201416015,119.35050086975097
2020-11-03,114.0,115.6500015258789,113.62999725341797,114.16000366210938,109.81739807128906,4204300,-3.1612679106721515,-2.5362801446652936,-0.6034357235852217,-57342260.17867691,43.40266215818025,55.020657395331995,-72.14332324850211,114.90474535681051,78.99186811012241,114.90474535681051,133.52394332215195,104.39605866149061,24.142521860531776,110.85800323486328,118.96000099182129
2020-11-04,112.33000183105469,113.91000366210938,111.16000366210938,111.9000015258789,107.64336395263672,5800100,-3.118470113114796,-2.652718138355194,-0.42548817532850336,-60020860.826204434,39.92564115106717,43.1289469651036,-79.7836274957378,114.50411284601962,77.28231570302951,114.50411284601962,133.0271144875818,103.67588767916625,24.09543396556156,111.90800323486329,118.35150108337402
2020-11-05,113.30000305175781,115.29000091552734,113.01000213623047,114.7699966430664,110.4041976928711,4902200,-2.820455474761559,-2.686265605636467,-0.21810618036225415,-57354771.623811215,45.85744380221438,57.656379322598596,-70.08114291314924,114.5395640189592,77.44615514742686,114.5395640189592,130.9549729897474,104.07602829199087,23.618475768939362,113.08000183105469,117.51550064086913
2020-11-06,115.08000183105469,115.0999984741211,113.38999938964844,114.04000091552734,109.70196533203125,5249200,-2.6130595571686968,-2.6716243959429127,-0.07111529976676634,-58613340.23619761,44.64979443822278,53.32544817168301,-72.54901202184101,114.47295560516828,70.59813668021498,114.47295560516828,129.47835796806137,104.1776433136769,23.17558601493303,113.55600128173828,116.82800064086913
2020-11-09,117.87999725341797,119.73999786376953,115.2699966430664,115.52999877929688,112.7468032836914,8992200,-2.301931193202151,-2.5976857553947603,0.07114356076125539,-66559459.44383315,47.67852740041925,60.832002357932566,-67.5118322668173,114.6138946950521,67.9785288674695,114.6138946950521,127.96778413880574,104.52021711241497,21.624231187939042,114.08000030517579,116.24400062561035
2020-11-10,116.69000244140625,118.16999816894531,116.25,117.91000366210938,115.06946563720703,5622800,-1.8420788810016973,-2.446564380516148,0.2501355441495212,-62459470.38884582,52.17974984058002,70.35235249689889,-59.465839246242695,115.05337589065974,64.58208953405688,115.05337589065974,126.92078256206332,104.84821920795622,20.18368742001605,114.83000030517579,115.88450088500977
2020-11-11,118.12000274658203,118.3499984741211,116.22000122070312,117.19999694824219,114.37657165527344,4289600,-1.5174420907143826,-2.260739922555795,0.36027047372060306,-62801844.948901415,50.77635042980535,64.50561381327127,-61.86613224798884,115.33959203167073,63.95408885017133,115.33959203167073,125.505289629982,105.38971159072113,18.896580003030774,115.88999938964844,115.44750061035157
2020-11-12,115.62999725341797,116.37000274658203,113.4800033569336,114.5,111.74161529541016,6498200,-1.461188611679944,-2.100829660380625,0.31957282384156294,-64713094.37049287,45.73848488344987,46.23911226977448,-70.99391041265272,115.22764642744797,52.80340562676947,115.22764642744797,124.00693196190869,105.8490693198296,18.16073904088964,115.83600006103515,114.92800064086914
2020-11-13,115.19000244140625,117.37000274658203,115.01000213623047,116.8499984741211,114.03500366210938,4682600,-1.21299938530791,-1.9232636053660819,0.3096289312974454,-62094029.43531038,50.35534364835339,58.901111047182795,-63.049358929718274,115.44396003367105,44.52422336562979,115.44396003367105,122.09847072180476,106.84953037682804,17.169157494743953,116.3979995727539,114.4740005493164
2020-11-16,118.30000305175781,118.55000305175781,117.12000274658203,118.36000061035156,115.50862884521484,5293400,-0.8842697710401382,-1.715464838500893,0.3484277360786159,-58207284.97195547,53.11576976567019,65.43905811312435,-57.94455148293446,115.83276544389511,55.85552697680459,115.83276544389511,120.13574188277316,108.09625961258816,15.995294532414416,116.96399993896485,114.11600074768066
2020-11-17,117.5999984741211,118.54000091552734,117.06999969482422,117.69999694824219,114.8645248413086,4134500,-0.6692907953457308,-1.5062300298698605,0.3568078989416801,-58797946.22192952,51.76101748513465,60.206284550669054,-60.175801047687585,116.08172964447472,77.7736149224557,116.08172964447472,120.18952070893876,108.07548020658858,14.889526015392846,116.9219985961914,114.13250045776367
2020-11-18,117.72000122070312,118.87999725341797,116.75,116.7699966430664,113.9569320678711,4606800,-0.5674207869342638,-1.3184681812827412,0.31073207104981293,-63318247.955201246,49.83229933773144,52.77340976935015,-63.31981811194421,116.17349857762028,80.13762672398165,116.17349857762028,120.37246874040876,108.06353208356585,13.974864033658196,116.83599853515625,114.2180004119873
2020-11-19,116.54000091552734,117.44999694824219,115.88999938964844,117.18000030517578,114.3570556640625,3439600,-0.44843492368653415,-1.1444615297635,0.2622712376198155,-61069265.78453729,50.70439374658354,55.781777542033396,-56.82514821443512,116.30769880796102,66.74427930745689,116.30769880796102,120.54491362445958,108.03308701640955,13.128271841223258,117.3719985961914,114.28900032043457
2020-11-20,117.5999984741211,118.04000091552734,116.69000244140625,116.94000244140625,114.12283325195312,5024300,-0.36924714048902274,-0.9894186519086045,0.20830885691782708,-64232711.829398185,50.15478203719711,53.29760539879498,-50.64933556281557,116.39200595908704,50.705143107977314,116.39200595908704,120.6564176510416,108.01558323396817,12.254454639564534,117.38999938964844,114.33600044250488
2020-11-23,117.43000030517578,120.5199966430664,117.2699966430664,120.08999633789062,117.19694519042969,5650400,-0.05171592099377165,-0.8018781057256379,0.2593765342322474,-60077495.65977679,56.777116858681666,73.01433320383032,-33.87775096987297,116.88507134292752,60.63409658183253,116.88507134292752,121.4417657376593,108.01723465906923,12.27816274531003,117.73599853515626,114.72950019836426
2020-11-24,120.86000061035156,124.7300033569336,120.80999755859375,124.41999816894531,121.42263793945312,7752500,0.5430647066834382,-0.5328895432438226,0.4556590191984178,-53551175.080683246,63.88087145103035,84.35986065156749,-13.672423067899475,117.88972825306323,74.10769014908175,117.88972825306323,123.06695653602245,107.77804392174122,13.40788951798003,119.07999877929687,115.42250022888183
2020-11-25,122.93000030517578,124.33000183105469,122.11000061035156,124.19999694824219,121.20793914794922,4135900,0.9853221984350284,-0.2292471949080524,0.6180059670696236,-49899677.692546606,63.31152231337218,82.16589339142139,-14.699026976299747,118.73109741242043,93.7367805056369,118.73109741242043,123.74145361279461,108.85854638720538,14.4569215211736,120.56599884033203,116.3
2020-11-27,124.19999694824219,125.30999755859375,123.91000366210938,124.3499984741211,121.35432434082031,2091200,1.3325574239693765,0.0831137288674334,0.7078968548343667,-50676418.889276855,63.55006159313385,82.552620917817,-13.999066529529815,119.48028422064718,93.12024133271437,119.48028422064718,124.49017899061049,109.65382049059069,15.66577179453453,121.9999984741211,117.07199974060059
2020-11-30,124.0999984741211,125.0,123.08999633789062,123.5199966430664,120.5443115234375,5988000,1.5232110024780354,0.3711331835895538,0.6993819435634041,-53968254.60595924,61.179747236608875,71.78583948441566,-17.872150147051862,120.0189125436364,86.867959332762,120.0189125436364,125.15366960206363,110.17632917723326,16.41706286445591,123.31599731445313,117.66499938964844
2020-12-01,123.9000015258789,125.83000183105469,123.08000183105469,123.16000366210938,120.19300079345703,5309100,1.6265075455355031,0.6222080559787437,0.6266277067264125,-58968454.44504837,60.13214519864453,67.04509001852284,-13.41033489625405,120.43772469276614,71.13741788777301,120.43772469276614,125.69724500153046,110.6577537777664,17.332639153114346,123.92999877929688,118.17749938964843
2020-12-02,122.8499984741211,124.63999938964844,122.41000366210938,124.62000274658203,121.6178207397461,3690700,1.8053693504468953,0.858840314872374,0.5756891106720952,-55343944.357122,62.90630804481728,75.31085189185359,-6.077342350144312,120.99536176660826,64.00743128873658,120.99536176660826,126.480317707793,110.92068097995113,17.862610163607563,123.96999969482422,118.70049934387207
2020-12-03,124.16000366210938,124.86000061035156,123.29000091552734,123.61000061035156,120.63214874267578,4548200,1.844359262510693,1.0559441044000377,0.49164421154803684,-58038102.45278587,59.805977028567135,61.88789505965904,-11.150179871277462,121.34398027910736,49.79121105385202,121.34398027910736,126.68367592069986,111.88832267549155,18.419856717214127,123.8520004272461,119.2859992980957
2020-12-04,123.97000122070312,127.37999725341797,123.63999938964844,127.19999694824219,124.13566589355469,5522800,2.14027004948629,1.272809293417288,0.5109730868803064,-53046910.074840955,66.1853149900987,78.73094104916852,-0.8387712621386837,122.12478250165867,66.31302040754316,122.12478250165867,127.75784873882695,112.05714988788203,19.62777666403711,124.42200012207032,119.90749931335449
2020-12-07,126.48999786376953,126.97000122070312,124.56999969482422,124.69999694824219,121.69588470458984,8318500,2.1482882438462525,1.447905083503081,0.4598653640854211,-60464258.85397966,59.145423480110395,56.858068682345895,-12.488352374231416,122.4681444278698,59.18076357918306,122.4681444278698,128.0693738796076,112.81162435037285,20.749416614658454,124.65800018310547,120.44049911499023
2020-12-08,125.31999969482422,126.33000183105469,124.63999938964844,125.70999908447266,122.68156433105469,5395000,2.210658358627043,1.6004557385278733,0.41483259347818713,-59027732.20982494,60.952452213966744,62.166103301469754,-7.781911650469905,122.90039171541684,69.61767524731601,122.90039171541684,128.55833145777427,113.34066680272379,21.7909394259497,125.16799926757812,120.94949913024902
2020-12-09,125.80000305175781,127.69000244140625,125.69999694824219,126.79000091552734,123.73554229736328,6513500,2.3204851375436846,1.7444616183310355,0.40019128385895275,-58405833.97569902,62.84492386947175,67.50934524310544,-4.134135733806026,123.41900627543158,64.00673129819606,123.41900627543158,129.27260881299406,113.51438917284575,23.130331361575628,125.60199890136718,121.39349899291992
2020-12-10,126.3499984741211,126.93000030517578,124.94000244140625,124.95999908447266,121.94963073730469,4803200,2.2341044320803576,1.8423901810809,0.32831701040230143,-63112503.343455404,57.738543534983876,51.96501902725189,-12.913923537151977,123.62447198330372,59.51212377127374,123.62447198330372,129.56000075018466,114.00299744927823,23.909699777287006,125.8719985961914,121.78149909973145
2020-12-11,124.08000183105469,125.51000213623047,123.61000061035156,124.2699966430664,121.2762451171875,4481400,2.085924431823628,1.8910970312294455,0.22569450918155098,-64480530.874304235,55.894398688482546,46.87775870840027,-17.151481342038647,123.71054193793874,42.77145118305572,123.71054193793874,129.35413880619592,115.18585905757362,23.865672560635637,125.28599853515625,122.26999893188477
2020-12-14,125.31999969482422,126.23999786376953,123.47000122070312,123.52999877929688,120.5540771484375,5050000,1.8870266028109626,1.8902829455457488,0.11045355173948668,-69311766.94788805,53.90587916096644,41.43930777664499,-25.16638819913044,123.68646951678649,16.73022309090012,123.68646951678649,129.2508818744037,115.9571160198834,24.07272753306436,125.05199890136718,122.60399894714355
2020-12-15,124.38999938964844,125.93000030517578,123.44000244140625,125.93000030517578,122.8962631225586,4356200,1.901143506898947,1.8924550578163886,0.0887489554676879,-64955566.94788805,59.00043739171408,60.17164036616028,-10.647321634619821,123.9856069552384,25.39543126811478,123.9856069552384,129.4800489567089,116.4849489070606,24.246895915868826,125.09599914550782,122.98249893188476
2020-12-16,125.93000030517578,126.56999969482422,125.29000091552734,125.55000305175781,122.5254135131836,4530100,1.8602251351066315,1.8860090732744372,0.08566153222906436,-67645296.94693437,57.90909408631564,56.589051081927735,-12.946155763354902,124.19419310144099,40.15614497685738,124.19419310144099,129.48559498596364,117.26440348815746,24.63908190067273,124.8479995727539,123.37499923706055
2020-12-17,126.08000183105469,126.08999633789062,124.91000366210938,125.55000305175781,122.5254135131836,3788000,1.8069674348692644,1.8702007455934027,0.08568453337773896,-67324258.41178721,57.909094086315626,56.58905108192774,-14.577652214993009,124.37496776148323,62.15297049223304,124.37496776148323,129.17957611054126,118.44842300444898,24.750209685169807,124.96600036621093,123.81399955749512
2020-12-18,125.58999633789062,126.4000015258789,124.97000122070312,125.8499984741211,122.81819152832031,7552800,1.768580353733725,1.849876667221467,0.09232771166014508,-65581335.56255575,58.61007204906572,59.559205614781106,-12.867157864410217,124.57163852316828,68.28915745771398,124.57163852316828,128.7268735478709,119.76812538401387,24.976908040158047,125.28200073242188,124.24749946594238
2020-12-21,123.97000122070312,124.18000030517578,121.72000122070312,123.38999938964844,120.41744995117188,6115700,1.5221110001939877,1.784323533815971,0.022862684411228962,-63393611.49521857,51.095507642507386,35.007848017833496,-30.260403439831666,124.41408663869896,59.613975975311256,124.41408663869896,127.58925854087742,121.55074008583155,23.276067096022324,125.25400085449219,124.56999931335449
2020-12-22,123.30999755859375,124.22000122070312,122.41000366210938,123.61000061035156,120.63214874267578,4336100,1.3292121909503578,1.6933012652428485,-0.04539243742001098,-61980193.49993952,51.69202789246997,37.870853382483844,-28.712189260539272,124.30687516825265,50.13292684567799,124.30687516825265,127.01805941881895,122.47393963513613,21.716234188975523,124.79000091552734,124.74599952697754
2020-12-23,123.87999725341797,125.20999908447266,123.73999786376953,123.9000015258789,120.91516876220703,2693900,1.1860669041383005,1.5918543930219389,-0.08538412269739615,-64087653.35378744,52.514267772478085,42.075304389603836,-26.67136635968329,124.25262534926948,39.994411558425426,124.25262534926948,127.01813792685333,122.42186146279512,20.75102397591087,124.46000061035156,124.71999969482422
2020-12-24,125.0,125.0999984741211,124.20999908447266,124.69000244140625,121.6861343383789,1761100,1.1234196224998243,1.498167438917516,-0.08009592831326184,-63949125.28273972,54.772631841023355,52.92347575461407,-21.111894393280547,124.31094229488771,49.67061077062187,124.31094229488771,127.03035597444926,122.45864396451557,19.854757349493692,124.28800048828126,124.74449996948242
2020-12-28,125.0999984741211,126.5999984741211,124.45999908447266,124.81999969482422,121.81300354003906,3615200,1.071904642884789,1.4129148797109705,-0.055904870755019154,-66347993.90167631,55.15062028497191,54.66969206748592,-22.634090516626724,124.37881661487924,57.85578504012139,124.37881661487924,127.04680287843868,122.48919718259648,19.72821623472367,124.08200073242188,124.76800003051758
2020-12-29,125.3499984741211,125.4800033569336,123.23999786376953,123.80000305175781,120.81758117675781,3487000,0.937961212766453,1.317924146322067,-0.06058544491582829,-68091482.02505422,51.51279709006479,40.08616088726271,-32.966087996637896,124.30164147312972,53.386801969475165,124.30164147312972,127.03323546150179,122.5307652404025,18.884083006319543,124.16400146484375,124.78200035095215
2020-12-30,123.80000305175781,124.8499984741211,123.62999725341797,124.33999633789062,121.34456634521484,3380300,0.8654071497411451,1.2274207470058827,-0.05434674134726647,-67537343.49414894,53.27015346905812,49.07575874761561,-28.38987489089322,124.30675545509784,43.1456297932711,124.30675545509784,126.97806211617434,122.70393785330809,18.10024500851571,124.31000061035157,124.84099998474122
2020-12-31,124.22000122070312,126.02999877929688,123.98999786376953,125.87999725341797,122.84745788574219,3574400,0.9215496845099125,1.1662465345066886,0.0013250804179243403,-64488595.66422452,57.95081847199477,66.8219885264688,-15.339023049817348,124.5165210282072,48.16123028808115,124.5165210282072,127.08512185270632,122.7228775674597,17.9520439732595,124.70599975585938,124.90399971008301
2021-01-04,125.8499984741211,125.91999816894531,123.04000091552734,123.94000244140625,120.9542007446289,5179200,0.8002765893163115,1.093052545468613,-0.0005119943590203846,-66430787.08909478,51.018125380382095,43.14587488573462,-31.779652797982738,124.4396518833004,45.53013302906081,124.4396518833004,127.06693316928035,122.77406643399114,17.226185075267804,124.55599975585938,124.92049980163574
2021-01-05,125.01000213623047,126.68000030517578,124.61000061035156,126.13999938964844,123.10120391845703,6114600,0.871640426966664,1.0487701217682233,0.04652134578011502,-63506419.05515687,57.26210806731107,62.15409458219725,-14.090936834161932,124.6663648841468,63.005720911508014,124.6663648841468,126.830700029211,122.9042998182011,16.931734391401665,124.81999969482422,124.86749992370605
2021-01-06,126.9000015258789,131.8800048828125,126.72000122070312,129.2899932861328,126.1753158569336,7956700,1.168900605734592,1.072796218561497,0.18770509607730634,-63537289.0728405,64.2827472318269,76.32233628467809,-17.727653223587087,125.28284867107827,60.38233534394171,125.28284867107827,127.84464455920903,122.34935492199213,18.508339620679465,125.91799774169922,125.09699974060058
2021-01-07,130.0399932861328,130.4600067138672,128.25999450683594,128.99000549316406,125.8825454711914,4507400,1.3645453024158343,1.1311460353323644,0.30377186427215097,-65053386.10710322,63.21767122021813,73.0660931342093,-26.106571612881883,125.77713624735638,74.39125361343099,125.77713624735638,128.48557952936636,122.03642059270395,19.972330190723138,126.8479995727539,125.26100006103516
2021-01-08,128.57000732421875,129.32000732421875,126.9800033569336,128.52999877929688,125.43362426757812,4676200,1.465582118340052,1.1980332519339019,0.3567596161102138,-63534649.093843095,61.53404036074649,67.54260320354555,-32.9724891341241,126.14418458494845,66.70432455867048,126.14418458494845,128.817486749604,121.87851315884328,20.5531547376034,127.37799987792968,125.34799995422364
2021-01-11,127.94999694824219,129.67999267578125,127.66000366210938,128.5800018310547,125.482421875,5601900,1.532029073767447,1.2648324163006108,0.36523672805430785,-64033810.70493826,61.653590507453,67.87260443045675,-32.480333290280335,126.46896021776261,61.33989897855883,126.46896021776261,129.26602467213172,121.79197551097374,21.21163184130406,128.30599975585938,125.52900009155273
2021-01-12,129.08999633789062,129.85000610351562,127.94000244140625,129.2100067138672,126.09725189208984,3749200,1.6168864332153419,1.335243219683557,0.3631419594833707,-62797156.37097114,63.20523307723763,72.30695477391298,-26.279500064579498,126.83443308390989,54.98928973802305,126.83443308390989,129.79025765398956,121.761743536196,21.88157436439604,128.9200012207031,125.77600059509277
2021-01-13,129.14999389648438,129.75,126.45999908447266,126.91999816894531,123.86241149902344,7677700,1.4822653188492438,1.3646476395166944,0.27776371346561746,-68327905.6183513,54.56270594757453,44.438334982457505,-48.81894612267701,126.84584176191461,38.121268010102824,126.84584176191461,129.85090451740265,122.04009661174773,21.584363311029566,128.4460021972656,125.9455005645752
2021-01-14,128.02000427246094,130.16000366210938,127.55000305175781,128.97000122070312,125.86302947998047,7503200,1.5234340303111935,1.3964049176755942,0.23984120952385002,-67666716.52282897,59.85475558187281,61.180530325660264,-28.64175800410305,127.12906302308642,42.5312176615753,127.12906302308642,130.2193007961047,121.97570042459843,21.47624671422696,128.44200134277344,126.09750061035156
2021-01-15,128.27999877929688,129.24000549316406,127.66999816894531,128.38999938964844,125.2969970703125,4905500,1.4920596948731912,1.4155358731151135,0.19986481833376146,-68072917.78240211,57.80347559974498,55.28859983268642,-34.35043538596012,127.29718787196136,43.83329089918458,127.29718787196136,130.47030890726046,122.00869194723174,21.37585273148168,128.41400146484375,126.2395004272461
2021-01-19,129.27999877929688,129.58999633789062,128.08999633789062,129.02000427246094,125.91182708740234,5398000,1.500731933317084,1.4325750851555077,0.18056051493269276,-66777340.674654715,59.429891759719276,60.45892033066913,-28.149602160259278,127.5268967253613,63.06305377479291,127.5268967253613,130.79825878287872,122.02774219368379,21.439631087039697,128.502001953125,126.41300048828126
2021-01-20,129.6999969482422,131.05999755859375,128.55999755859375,130.0800018310547,126.9462890625,5598700,1.5749822737143262,1.4610565228672714,0.19635824250692213,-65568002.338473074,62.07831995318956,68.19420660033799,-17.716559084232692,127.86731073945374,66.68236255535494,127.86731073945374,131.2804158768259,121.96858543542996,22.1130731522829,128.6760009765625,126.62450065612794
2021-01-21,130.1199951171875,132.24000549316406,130.0500030517578,131.64999389648438,128.47845458984375,12539200,1.7404486336756122,1.5169349450289396,0.2564217697737847,-59785208.882326365,65.654572934984,76.65090046638689,-5.608472975854281,128.37166849372448,78.43492790649252,128.37166849372448,131.9317815567813,122.14321920615815,23.16942968422967,129.62200012207032,127.03750038146973
2021-01-22,120.69999694824219,120.69999694824219,117.36000061035156,118.61000061035156,115.75260925292969,38063500,0.8100259625728654,1.3755531485377248,-0.07237176603841489,-69358033.93143779,35.61333211900746,20.383286204624813,-91.59946512219332,127.07011277594142,58.17202493102221,127.07011277594142,132.75063611405585,120.82436464888359,23.794447736166457,127.55,126.78750038146973
2021-01-25,118.76000213623047,119.54000091552734,117.44999694824219,118.58000183105469,115.72332763671875,13686400,0.06943820125133016,1.114330159080446,-0.4290235747222537,-68244750.22728251,35.573006192676694,20.340348792625225,-91.80106975561334,125.93809798328986,34.67308901695039,125.93809798328986,133.3830629272698,119.65993786618722,24.374821641536332,125.58800048828125,126.52150039672851
2021-01-26,119.18000030517578,122.58999633789062,118.41999816894531,122.48999786376953,119.53913116455078,10694700,-0.19967717838517274,0.8515286915873221,-0.5751569841646154,-58062977.87753774,44.40861806399017,40.69402491308505,-65.52422331968793,125.47835130068715,17.02508060083512,125.47835130068715,133.4551047664654,119.36789556922795,23.755627669348893,124.28199920654296,126.41150016784668
2021-01-27,122.08000183105469,124.79000091552734,121.62000274658203,122.47000122070312,119.51961517333984,12146500,-0.4098422116967413,0.5992545109305094,-0.6014084982252865,-63695589.90936461,44.37510041313777,40.627663275527524,-65.65860931770266,125.07723795668929,25.67203253566535,125.07723795668929,133.5160255038825,119.07197498439875,22.4603756834826,122.75999908447265,126.29400024414062
2021-01-28,122.80000305175781,123.19999694824219,120.06999969482422,120.08000183105469,117.18719482421875,8084100,-0.7604860812809164,0.32730639248822424,-0.6334614275418038,-71728023.23814793,40.44588338035725,32.668515679579045,-81.72042790224533,124.41093980660467,35.14184227916176,124.41093980660467,133.75639972928238,118.45960063692857,21.675764955302252,120.44600067138671,126.10800018310547
2021-01-29,120.22000122070312,121.30000305175781,118.9000015258789,119.11000061035156,116.24055480957031,11825500,-1.1039195684325307,0.04106120030407323,-0.6653243699660916,-81484071.07601069,38.93889646092157,29.715212343939935,-88.23925117107066,123.70414791377092,31.188530546825458,123.70414791377092,134.05586816468596,117.63713262877106,21.250706029436255,120.54600067138672,125.84650039672852
2021-02-01,119.9000015258789,120.94999694824219,118.7300033569336,120.54000091552734,117.6361083984375,6250500,-1.2463370104497358,-0.21641844184668863,-0.6229609485694065,-77542298.6439795,42.34917028935218,39.75200820913177,-78.62903721994799,123.28226164733844,30.835078145092353,123.28226164733844,134.10828281891125,117.05071834075672,20.900883166171116,120.93800048828125,125.57950057983399
2021-02-02,119.36000061035156,121.0,119.27999877929688,119.44000244140625,116.56261444091797,6341900,-1.4314635226671868,-0.45942745801078827,-0.579361108277876,-82704284.10378326,40.476471682619504,34.95268243024335,-86.02149765785869,122.76996041988082,22.537678729989327,122.76996041988082,134.2729490508845,116.43605210878347,20.55646851566039,120.3280014038086,125.35450057983398
2021-02-03,119.04000091552734,119.80000305175781,118.12000274658203,119.12000274658203,116.25032043457031,6715400,-1.5857197284341567,-0.684685912095462,-0.5352768006117503,-81425161.74648243,39.923385877369704,33.48270979323768,-88.17203253566535,122.28329939677431,21.560752181793678,122.28329939677431,134.31458610721944,115.6924153881419,20.569846010306758,119.65800170898437,125.00350074768066
2021-02-04,119.91000366210938,121.0999984741211,118.87000274658203,121.0199966430664,118.10454559326172,4562100,-1.536938385330501,-0.8551364067424698,-0.4254720747848495,-77190395.42604725,44.75068373944283,49.30603224723025,-75.40326053963592,122.11485902961326,40.86533031185984,122.11485902961326,133.8372296604925,115.34277217056218,20.040068522278826,119.84600067138672,124.59000091552734
2021-02-05,121.0,121.80999755859375,120.5199966430664,121.79000091552734,118.85599517822266,4565700,-1.4197795747215736,-0.9680650403382906,-0.28490061753539964,-72766243.6562064,46.6225802628819,54.75802900535328,-70.22850234214131,122.0715446144018,70.11263816595272,122.0715446144018,133.32334059813454,115.13666077515647,19.259933493065095,120.38200073242187,124.23000068664551
2021-02-08,122.62000274658203,123.9800033569336,122.4000015258789,123.61000061035156,120.63214874267578,5888000,-1.166623498734637,-1.00777673201756,-0.10519769382976163,-69635931.81713815,50.86046226505276,65.66729478650419,-57.997325610966634,122.27667208052844,94.77960442424074,122.27667208052844,132.86238183701855,115.10561971937794,18.051608382787762,120.99600067138672,123.98400077819824
2021-02-09,121.9000015258789,122.5999984741211,121.05000305175781,122.0999984741211,120.75082397460938,4717000,-1.0754429999400656,-1.021309985602061,-0.0024386728961101056,-67962166.61121772,47.491485844793274,52.53068428726536,-68.14518609973995,122.25311559967413,87.02068471989976,122.25311559967413,132.3139588718259,115.00604234887723,17.075441803969685,121.52799987792969,123.66000061035156
2021-02-10,123.02999877929688,123.41000366210938,121.20999908447266,122.23999786376953,120.88927459716797,4866800,-0.9805814840471214,-1.0131642852910732,0.05506187027901621,-68271886.94871369,47.83648480183042,53.60628708222992,-67.20433029524926,122.25136656822019,75.85099510348327,122.25136656822019,131.5969060944073,115.02609424128605,15.865157569764024,122.1519989013672,123.31150016784667
2021-02-11,122.0,122.20999908447266,120.62999725341797,120.91000366210938,119.57398223876953,5381600,-1.0011814693455108,-1.0107677221019606,0.041565128288434394,-71746042.97061679,44.82346641937188,42.24045662475615,-76.1424604379107,122.07251818073875,48.379627329259385,122.07251818073875,131.18632530190885,114.83567558310091,14.95865675984055,122.13000030517578,123.01100044250488
2021-02-12,121.0,121.36000061035156,120.08999633789062,120.80000305175781,119.46519470214844,3871200,-1.0146865609965658,-1.0115514898808817,0.0056755171897959755,-71288788.25542654,44.57340404213214,41.33440591284189,-76.88171160898135,121.90284949687462,31.824313637789547,121.90284949687462,130.35132055348316,114.85368051463207,14.32191511391241,121.93200073242187,122.60250053405761
2021-02-16,120.1500015258789,120.5999984741211,119.36000061035156,120.06999969482422,118.74325561523438,6639800,-1.0719379796694852,-1.0236287878386023,-0.04999857020180354,-70324943.02534452,42.864358294449076,35.090538041411314,-81.78764653765064,121.6584695232679,15.684917784284176,121.6584695232679,129.53059145586695,114.84240964276586,14.008285515742852,121.2240005493164,122.1865005493164
2021-02-17,119.2699966430664,120.55999755859375,119.0199966430664,119.97000122070312,118.64436340332031,3959100,-1.1125543485918854,-1.041413899989259,-0.09835174684197368,-69399418.49636027,42.62326904738723,34.20578891105697,-82.459679073316,121.43334041625926,19.141018950826645,121.43334041625926,128.42428177490746,115.0437190185496,13.84783994757146,120.79800109863281,121.73400039672852
2021-02-18,120.5,120.94000244140625,119.69999694824219,120.7300033569336,119.39596557617188,5398100,-1.071070656981746,-1.0473452513877564,-0.10524755728824609,-65829691.135257706,45.14836127057743,46.92007242898311,-77.3521395112267,121.3395621416825,30.925391428979015,121.3395621416825,126.75795694898392,115.775043997061,13.508195100341998,120.49600219726562,121.26650047302246
2021-02-19,120.75,120.76000213623047,118.37999725341797,118.98999786376953,117.67518615722656,6578700,-1.165167112787671,-1.0709096236677393,-0.14734170071486474,-69036119.88968146,40.72894331175333,30.21192187165132,-89.04572097754661,121.02628690462744,31.90504732839874,121.02628690462744,123.46659878526677,117.80040255750666,13.72536908156943,120.11200103759765,120.63350067138671
2021-02-22,118.5,121.12999725341797,118.44000244140625,120.86000061035156,119.52452850341797,5879200,-1.076437141252569,-1.0720151271847054,-0.12644379980855103,-64337118.64458456,46.76054924151348,52.79416322238474,-76.47850234214131,121.004115398724,54.75230714893028,121.004115398724,123.42315772093153,118.06884362184192,13.725907483616899,120.1240005493164,120.74600067138672
2021-02-23,120.91999816894531,121.3499984741211,119.80000305175781,120.70999908447266,119.37618255615234,4531300,-1.0066182010458675,-1.0589357419569378,-0.09211288382311444,-63547802.901405506,46.35306867980925,51.13507992671328,-77.48657678203729,120.96489989015716,63.0343147303332,120.96489989015716,123.33921523673924,118.36578583137599,13.602645343879876,120.25200042724609,120.85250053405761
2021-02-24,120.80000305175781,123.48999786376953,120.5199966430664,123.20999908447266,121.84855651855469,5820000,-0.7410151202452226,-0.9953516176145948,0.01743034087196005,-58825171.40357873,53.60895490206451,70.46886169780122,-60.68550702642395,121.26424644939922,87.71790686628607,121.26424644939922,123.48731693662698,118.28968425355858,12.87487378676711,120.9,120.88850059509278
2021-02-25,123.37000274658203,124.3499984741211,122.33999633789062,122.47000122070312,121.11673736572266,5691800,-0.583508090286216,-0.912982912148919,0.0975294172404606,-63780691.79605562,51.393177202080395,61.4700772565661,-65.65860931770266,121.42501375223975,80.49368184081546,121.42501375223975,123.48731693662698,118.28968425355858,12.586904844792821,121.24799957275391,120.88850059509278
2021-02-26,122.25,122.25,118.87999725341797,118.93000030517578,117.61585235595703,9051000,-0.7358487171662489,-0.877556073152385,0.03591136274652129,-72563099.9547469,42.37093492688085,34.85476128171836,-89.44893024438666,121.09234529263122,57.106946410799004,121.09234529263122,123.54706973160637,118.11493130599129,12.578864953305695,121.23600006103516,120.83100051879883
2021-03-01,120.3499984741211,122.31999969482422,119.86000061035156,120.73999786376953,119.40585327148438,5714500,-0.7024308991683057,-0.8425310383555692,0.0025219078802374284,-74189188.42939466,47.45061066041716,48.974833698983225,-77.28497214861727,121.04536563544967,36.934642207041634,121.04536563544967,123.51245253833164,118.31254822460781,12.537262862224095,121.21199951171874,120.91250038146973
2021-03-02,120.73999786376953,121.9000015258789,120.26000213623047,120.33000183105469,119.0003890991211,4524300,-0.7009501737264543,-0.8142148654297462,-0.026517846433771197,-78327269.23773862,46.451799678775345,46.14297540256676,-80.040320926684,120.94998379486367,22.934321968998955,120.94998379486367,123.50957017005985,118.29443068443234,12.498632349076896,121.13600006103516,120.9020004272461
2021-03-03,120.5,122.62999725341797,119.9800033569336,122.36000061035156,121.00794982910156,7404300,-0.5298648004736606,-0.7573448524385291,0.016412926361097924,-72431754.70845896,51.855474643865264,60.33711288040039,-66.3978604887733,121.13798603692872,41.37725185643907,121.13798603692872,123.63871864443294,118.45728202695378,12.071741379892785,120.96600036621093,121.04800033569336
2021-03-04,122.0,123.22000122070312,118.76000213623047,120.11000061035156,118.7828140258789,8068500,-0.5692723878058246,-0.7197303595119882,1.335959143311527e-05,-75615741.28944603,46.28083327809893,44.19837120435311,-81.51882326882532,121.0009213133851,40.132375329768415,121.0009213133851,123.57430344144277,118.62069701632092,12.215238348981114,120.49400024414062,121.09750022888184
2021-03-05,120.63999938964844,123.75,120.25,122.83000183105469,121.47276306152344,6949300,-0.3766796891888333,-0.6511202254473571,0.053599201326104406,-72319780.30398983,52.87613257807619,60.26052720979479,-26.379528990157773,121.24479871574106,58.483992193948815,121.24479871574106,123.77661091959416,118.59939005696833,12.051464818906718,121.27400054931641,121.18800048828125
2021-03-08,122.98999786376953,126.8499984741211,122.87999725341797,124.80999755859375,123.43087768554688,7239200,-0.06354695059189908,-0.5336055704762656,0.1725955181738792,-72520363.72303371,57.01343981716298,68.50862429819466,-21.702133876372987,121.72015856145475,62.205282059836485,121.72015856145475,124.3657133594339,118.31228728143523,11.948016837181672,122.08800048828125,121.33900032043456
2021-03-09,125.4000015258789,126.43000030517578,124.16000366210938,124.18000030517578,122.80784606933594,5609000,0.13225295772953416,-0.40043386483510557,0.25404340401753434,-78030543.16195309,55.348339028924634,63.284500769884446,-30.584186433479164,122.04813746061755,74.44770509816681,122.04813746061755,124.48847940527021,118.24652120508135,11.851957997008418,122.85800018310547,121.36750030517578
2021-03-10,125.05000305175781,128.24000549316406,124.61000061035156,127.87000274658203,126.45706939697266,7247800,0.578509457207744,-0.20464520042653564,0.4059357380145068,-72260265.0900225,62.29444359414249,76.43872012043134,-3.6561526300671945,122.82438616541282,79.29232635451962,122.82438616541282,125.86987972171562,117.44212131588205,12.479533826037501,123.96000061035156,121.65600051879883
2021-03-11,128.08999633789062,128.63999938964844,126.77999877929688,127.13999938964844,125.73513793945312,5146900,0.8633140313773566,0.008946645934242797,0.5006427047060003,-75414813.97883847,60.29607485763972,70.21758351256227,-14.258559682988402,123.39980126197757,81.73829674534444,123.39980126197757,126.74489530189219,117.05710588829335,13.209779026906162,125.36600036621094,121.90100059509277
2021-03-12,127.19000244140625,127.68000030517578,126.61000061035156,127.61000061035156,126.19994354248047,4010100,1.1141061565933796,0.22997854806607015,0.5485264797170597,-71929397.82234314,61.15997710720291,72.04840922210452,-9.790866045339794,123.9611611750941,86.77889140145773,123.9611611750941,127.65232185007457,116.8196790349352,13.784716621389617,126.3220001220703,122.23600044250489
2021-03-15,127.7699966430664,128.75,127.54000091552734,128.5800018310547,127.15922546386719,3420600,1.375278361686597,0.45903851079017555,0.5781790587532809,-69469948.52758977,62.951647196460335,75.87443483916869,-1.599230600841889,124.57700659588885,86.84532953826177,124.57700659588885,128.65559793083185,116.5944028321076,14.734110848620356,127.0760009765625,122.62500038146973
2021-03-16,128.27999877929688,128.52000427246094,127.33999633789062,128.24000549316406,126.82298278808594,4653200,1.5371055568232208,0.6746519199967846,0.5623080873797814,-67025022.35635627,61.87425167091726,71.5815017359942,-4.797691802525668,125.06540644885888,88.69856896771245,125.06540644885888,129.41320815951235,116.6537931832611,15.482679951765281,127.88800201416015,123.03350067138672
2021-03-17,128.4600067138672,129.49000549316406,127.48999786376953,129.02999877929688,127.604248046875,4291400,1.7093957803189426,0.8816006920612163,0.5394170906193541,-64707687.63778449,63.43995209713934,75.5924099696433,-4.045792460388555,125.59401875958395,89.33506508675755,125.59401875958395,130.20918038783321,116.76382071079959,16.557559858871958,128.12000122070313,123.4865005493164
2021-03-18,128.94000244140625,131.0,127.79000091552734,130.05999755859375,128.62286376953125,5835700,1.907065849151877,1.0866937234793483,0.5303908563884407,-62289790.63582841,65.43313988748871,80.15674775468109,-7.448512177708026,126.18948259945192,83.4321675844639,126.18948259945192,131.12561857665548,116.78038194214335,18.084093918242466,128.7040008544922,123.95300025939942
2021-03-19,130.02000427246094,130.44000244140625,128.52999877929688,128.89999389648438,127.4756851196289,9845000,1.9476667123808937,1.2588883212596573,0.4734248770264404,-68320555.09170583,61.37488353856845,63.45227604565649,-16.640298308052152,126.55088410572291,68.4126846437594,126.55088410572291,131.55009452739392,117.3469055946764,19.501589830515083,128.96199951171874,124.44850006103516
2021-03-22,128.5,130.72000122070312,127.88999938964844,130.5500030517578,129.10745239257812,4164900,2.088905535418249,1.4248917640913756,0.4478942792855545,-64656026.05689101,64.72613094739768,73.33324998182228,-3.5657436632814004,127.08409996519424,69.63849863670622,127.08409996519424,132.30618705033785,117.55981331587306,20.327755557869015,129.3559997558594,124.93300018310546
2021-03-23,130.44000244140625,131.55999755859375,129.8000030517578,130.4600067138672,129.01846313476562,4356400,2.168578346622425,1.5736290805975854,0.41860956632810975,-65745097.73007447,64.3979360649017,72.00598837963109,-8.345909099065775,127.5342208650173,67.7670170250486,127.5342208650173,132.9008796107063,117.94012151844407,21.418358393305585,129.8,125.42050056457519
2021-03-24,130.9499969482422,132.11000061035156,130.57000732421875,130.6199951171875,129.1766815185547,4005000,2.2190495289233496,1.7027131702627383,0.3847283934645285,-69490095.15390405,64.74021499608654,73.08834333780388,-10.852185934911779,127.94565743197333,75.39577975804328,127.94565743197333,133.52641733128593,118.05558340113595,22.634719725490584,130.1179992675781,125.79100036621094
2021-03-25,130.3300018310547,133.24000549316406,129.77000427246094,133.07000732421875,131.59962463378906,5554000,2.42874673352145,1.8479198829144807,0.4146540486274608,-64480285.06639691,69.5656210303517,84.53447893218035,-1.1439978107859863,128.62890408427273,78.43493110494724,128.62890408427273,134.51270719223356,118.12929415053986,24.156439777320028,130.72000122070312,126.32100067138671
2021-03-26,133.2899932861328,136.47999572753906,133.1199951171875,136.3800048828125,134.873046875,5567600,2.829406779022918,2.044217262136168,0.5347424505753651,-59244059.42709463,74.6192442703986,90.9993664365456,-0.5524356527959204,129.6623841907447,87.05585305117876,129.6623841907447,135.75915119598497,118.62785060455215,26.434325230601058,132.21600341796875,127.19350090026856
2021-03-29,135.97999572753906,137.07000732421875,135.50999450683594,135.86000061035156,134.35877990722656,4622700,3.069588447877379,2.24929149928441,0.6137425536092422,-61792451.83590944,72.58022811132906,84.095998837558,-6.474082728064278,130.48873304669226,93.02766732672654,130.48873304669226,136.76858961377684,119.13041246141847,28.67707763547005,133.2780029296875,127.94950103759766
2021-03-30,135.86000061035156,136.27000427246094,134.02000427246094,134.72000122070312,133.23138427734375,4790400,3.1318437818754035,2.425801955802609,0.6036645475696378,-63602171.49736778,68.18157950017665,69.62232246947893,-12.57359463485264,131.05290213656036,83.3562277497661,131.05290213656036,137.22833412387945,120.10966789028072,29.637741468074328,134.1300018310547,128.66900100708008
2021-03-31,134.5399932861328,134.7100067138672,132.7100067138672,133.25999450683594,131.78750610351562,4945100,3.0284610289799048,2.546333770438068,0.5060583047096223,-65827526.86235801,62.92214135165764,54.58319270953426,-20.385290339330304,131.34718111926378,66.34692897837918,131.34718111926378,137.48012626329518,120.9478751405134,29.655619275243627,134.6580017089844,129.2140007019043
2021-04-01,133.75999450683594,133.92999267578125,132.27000427246094,133.22999572753906,131.75784301757812,4074000,2.9105577042434447,2.6191785571991435,0.3888999476141075,-65189439.500584304,62.814923144652276,54.28203839403268,-20.545797365186548,131.5982230670338,45.205341235863735,131.5982230670338,137.1677102871367,122.57229062839062,29.391975249907926,134.68999938964845,129.87000045776367
2021-04-05,133.63999938964844,136.69000244140625,133.39999389648438,135.92999267578125,134.42799377441406,5471300,3.000398927694391,2.695422631298193,0.3578985559282488,-62245939.276109084,68.08590950356064,71.79167562464586,-6.119239665305962,132.17579234820013,48.01919486859567,132.17579234820013,137.52306088542122,123.5269391145788,30.043360134598423,134.5999969482422,130.525
2021-04-06,135.5800018310547,135.63999938964844,134.08999633789062,134.22000122070312,132.73690795898438,3621000,2.900185195489371,2.736375144136429,0.2989027714834336,-65259524.109887056,62.08363698048544,55.088710439940684,-15.565293806608445,132.44835353120052,46.78903849348114,132.44835353120052,137.65025267211746,124.34074769409347,30.64821752752531,134.2719970703125,130.99550018310546
2021-04-07,133.83999633789062,134.94000244140625,133.77999877929688,134.92999267578125,133.43905639648438,2976000,2.8452571145886623,2.7581515382268753,0.25574024764531966,-62334884.4003293,63.521569406228885,59.927483927701985,-11.68767909383986,132.77923875047796,60.18268808426922,132.77923875047796,137.6104948323281,125.45550477094339,30.99618109271754,134.31399536132812,131.53299980163575
2021-04-08,134.57000732421875,135.6300048828125,134.16000366210938,135.1199951171875,133.626953125,4087200,2.784954600780452,2.763512150737591,0.22419740938408594,-61083752.67660657,63.91595205425551,61.3214928179313,-10.649981728626138,133.09133959937256,56.25927063878655,133.09133959937256,137.92045747380098,125.87054136653101,31.546005120808214,134.68599548339844,131.895499420166
2021-04-09,134.8699951171875,135.74000549316406,134.7100067138672,135.72999572753906,134.23020935058594,3023900,2.7546326845111366,2.7617362574923,0.2128110479442391,-58118626.59145354,65.2161661578994,66.05971592033727,-7.318466504634095,133.44316041646144,65.16025201186606,133.44316041646144,138.15423207298372,126.4957664011374,32.09325317409445,135.18599548339844,132.32499923706055
2021-04-12,135.02000427246094,135.3699951171875,133.85000610351562,134.58999633789062,133.10281372070312,3754000,2.6085442496898565,2.7310978559318113,0.1708300113046235,-58217437.88303906,60.806472084398365,51.36141474331954,-13.544567360117737,133.596071872652,58.87542082931236,133.596071872652,138.15784366157538,127.19015438529959,31.946069397821393,134.91799621582032,132.6739990234375
2021-04-13,133.0,133.6199951171875,130.3800048828125,131.17999267578125,129.73048400878906,8033500,2.1923374146081755,2.623345767667084,0.030340039176057765,-62283825.96607726,49.930789177901886,28.03666383976426,-32.16828497843061,133.2739279797359,42.35731619726574,133.2739279797359,138.0096878459157,127.59830928543195,29.741624300331388,134.30999450683595,132.80399856567382
2021-04-14,131.30999755859375,132.77999877929688,130.52000427246094,132.6300048828125,131.1644744873047,5868000,1.956936025693608,2.4900638192723887,-0.0638574461324759,-57194734.21732126,53.721232527040975,42.02971178492585,-24.249050701083238,133.1880715668128,32.74300511395421,133.1880715668128,137.79283057886536,128.25416649144714,27.694639566947817,133.8499969482422,133.02349853515625
2021-04-15,133.27999877929688,133.8699951171875,132.22000122070312,132.5800018310547,131.11502075195312,3884000,1.7462146253987214,2.3412939804976554,-0.11909685739500686,-59383888.71082007,53.570621944544996,41.68035649497164,-24.522142113370855,133.10699560204506,32.649155120566235,133.10699560204506,137.6135073542262,128.7884900212621,26.32391593264242,133.3419982910156,133.20099868774415
2021-04-16,133.0,134.10000610351562,132.9499969482422,133.58999633789062,132.11386108398438,5291800,1.641788991805356,2.2013929827591956,-0.1162610062281133,-58785737.740236126,56.23932768639607,51.796635104635435,-20.689711480192614,133.1713957001578,49.116977879119155,133.1713957001578,137.54915417740682,129.20584307601115,25.16065157624215,132.91399841308595,133.37749862670898
2021-04-19,133.60000610351562,133.82000732421875,132.5800018310547,133.1199951171875,131.6490478515625,8198600,1.5037712157794658,2.0618686293632495,-0.105604854400565,-59843742.024983555,54.66469447690062,47.04930808409326,-27.836570850356978,133.1645422890951,59.67631792300285,133.1645422890951,137.22556863761847,129.9514287378698,23.858679106414133,132.6199981689453,133.58849868774413
2021-04-20,137.07000732421875,139.77000427246094,136.6999969482422,138.16000366210938,136.6333770751953,15480600,1.7805526003594423,2.0056054235624883,0.04812227503550037,-60600090.550799176,65.74169407285751,76.23975717127368,-10.313904852021032,133.830603805497,73.52627575180355,133.830603805497,137.83970887629897,130.0982885602245,24.831965821994572,134.01600036621093,133.96899871826173
2021-04-21,138.05999755859375,143.72999572753906,137.7100067138672,143.5500030517578,141.96380615234375,11909000,2.407084376052353,2.085901214060461,0.3518054626146627,-49403228.98527498,73.26498899252393,86.32069085510122,-0.9413845279670053,135.12652370499845,84.89547355336369,135.12652370499845,140.0240023002316,129.2229947700809,26.586265126766225,136.2,134.62349853515624
2021-04-22,143.6999969482422,144.74000549316406,141.0,141.27999877929688,139.71888732910156,7101400,2.6894427269994594,2.206609516648261,0.543411405647154,-55441323.952737905,66.62868755995542,70.5605583862353,-19.084422404912438,135.94698704823824,84.1922664520887,135.94698704823824,140.96040045005594,129.35259698646752,28.394975427307497,137.93999938964845,135.15649871826173
2021-04-23,141.30999755859375,143.61000061035156,140.9499969482422,142.42999267578125,140.85617065429688,4556000,2.971752142110603,2.3596380417407294,0.6617261123695206,-54927510.98163778,68.20016457079984,73.61152920316427,-12.741380006867715,136.8113877985773,83.6618003829092,136.8113877985773,142.14517553169827,129.1038204399814,30.045806717870082,139.70799865722657,135.62449798583984
2021-04-26,142.4199981689453,143.6300048828125,141.47999572753906,141.57000732421875,140.0056915283203,4710800,3.0904657909521234,2.505803591583008,0.6780468649931759,-59243869.28486767,65.70824061236344,67.11019464888209,-18.218370695423328,137.44587040199616,71.04046658614483,137.44587040199616,142.8986636400593,128.86933257576098,31.58266223870678,141.39800109863282,135.88399810791014
2021-04-27,141.69000244140625,142.55999755859375,140.75,142.00999450683594,140.44082641601562,3884000,3.1833547692452555,2.6413138271154577,0.6462917553575753,-57720327.554973885,66.38497226720006,68.8685820433855,-15.689710056852112,138.05442028264147,67.58055344563284,138.05442028264147,143.69701307342666,128.6859825320421,32.54643138617929,142.16799926757812,136.19149780273438
2021-04-28,142.9199981689453,143.39999389648438,142.10000610351562,143.0,141.41989135742188,3768100,3.2988282842373735,2.7728167185398407,0.6109328203633524,-56271044.71540395,67.9190798030164,72.93790586777082,-10.086983904859501,138.7138309116226,59.37645678554756,138.7138309116226,144.63576894985798,128.57522653354047,33.63894261683296,142.05799865722656,136.60549774169922
2021-04-29,144.1300048828125,148.74000549316406,142.97999572753906,144.24000549316406,142.6461944580078,4353900,3.4506233192643663,2.908378038684746,0.5936767318677205,-58720101.931527376,69.77943389132209,77.53537252169218,-21.47970891043894,139.45065418916147,53.7456015316121,139.45065418916147,145.6808288385927,128.62816774343852,35.608630663591214,142.65,137.1544982910156
2021-04-30,143.6999969482422,143.8300018310547,140.5500030517578,141.8800048828125,140.31227111816406,8872200,3.341965553639085,2.9950955416756138,0.5007555416316478,-60397151.5430794,62.366755821094074,55.21824459283469,-32.901671952963426,139.7745676149816,38.76995726131303,139.7745676149816,146.15063258368383,129.0233649138748,36.152264215834975,142.54000244140624,137.5869987487793
2021-05-03,143.80999755859375,145.75,143.5500030517578,144.75,143.15054321289062,5733500,3.447695227484502,3.0856154788373913,0.4674160167800201,-59875931.50063216,66.96299009566596,68.84833517680529,-19.13671139161579,140.43795859965073,37.066990236208845,140.43795859965073,147.0983068675517,128.95769136242873,37.00886618231697,143.1760009765625,138.02799911499022
2021-05-04,144.41000366210938,146.58999633789062,144.3300018310547,145.75,144.13949584960938,6350500,3.571013972206856,3.182695177511284,0.4687369304143818,-58246148.05780887,68.41067603376642,72.49457213522741,-15.761756988717988,141.14623078636396,43.671113264026026,141.14623078636396,148.0895801790017,129.11941792890843,37.949712499654105,143.92400207519532,138.60449905395507
2021-05-05,145.94000244140625,145.94000244140625,144.97000122070312,145.22000122070312,143.6153564453125,4999900,3.584656801521703,3.263087502313368,0.4480453373529425,-60668783.25994824,66.74139876494766,67.27759461472867,-18.555635455728602,141.68940017760917,57.26490790078375,141.68940017760917,148.8637670797205,129.37423188268184,38.82335550861002,144.36800231933594,139.11899948120117
2021-05-06,145.25999450683594,148.50999450683594,145.17999267578125,148.4199981689453,146.77999877929688,7503500,3.809765249972628,3.37242305184522,0.49286973236439824,-53570861.12784294,71.29560210102494,78.79468732440223,-1.6869125125279718,142.58681324312064,73.1273721652126,142.58681324312064,150.1423249267403,129.42567434083782,40.06974341414388,145.2040008544922,139.78399963378905
2021-05-07,145.9199981689453,146.13999938964844,144.57000732421875,145.4600067138672,145.4600067138672,7003500,3.7065914653057632,3.4392567345373286,0.4492036008883593,-52634052.558580324,62.7377816230937,56.00362057898259,-17.864916504673626,142.96990570588684,64.79943796063752,142.96990570588684,150.7349444338474,129.80605593236353,40.88878300914444,145.9200012207031,140.27050018310547
2021-05-10,145.8000030517578,148.3800048828125,145.8000030517578,146.1699981689453,146.1699981689453,6983400,3.6401544399427337,3.4794362756184096,0.39265037931701663,-57614489.7154796,63.85839352692748,59.5146784445466,-13.997860777682941,143.3965847009613,60.46557483075614,143.3965847009613,151.27402997928826,130.42497057002814,42.019839125402584,146.2040008544922,140.8495002746582
2021-05-11,144.99000549316406,145.19000244140625,142.89999389648438,144.22000122070312,144.22000122070312,7126400,3.3910640858532872,3.461761837665385,0.28221129055796546,-56525287.012884945,58.64210539949203,46.71571331639557,-24.618758835511755,143.50637357026022,35.352290909044775,143.50637357026022,151.01688725310137,131.9861141507072,41.616466809013446,145.89800109863282,141.5015007019043
2021-05-12,143.83999633789062,144.14999389648438,141.13999938964844,141.3000030517578,141.3000030517578,5959600,2.9243288936924046,3.354275248870789,0.0994772615846573,-61851292.61758527,51.81644706900336,33.30792812148074,-40.522887767288516,143.2121908344599,23.239894176754447,143.2121908344599,150.54071529207235,133.32928592863075,40.47988240244326,145.11400146484374,141.93500061035155
2021-05-13,141.4499969482422,144.89999389648438,141.27999877929688,144.1699981689453,144.1699981689453,4595800,2.7542729673739927,3.23427479257143,0.01294583302946517,-59109038.965587296,57.10161938284324,50.6940281547313,-24.891106602916622,143.33989847905795,22.517111456511742,143.33989847905795,150.01189246830174,135.01710838619047,39.60839960539772,144.26400146484374,142.5145004272461
2021-05-14,145.11000061035156,145.69000244140625,143.9600067138672,144.67999267578125,144.67999267578125,2747400,2.6303338636256797,3.11348660678228,-0.010233992182018259,-59569624.7263677,57.98357842373024,53.39285380660941,-22.11335883667528,143.51857770528773,30.972230800626523,143.51857770528773,149.39272730316668,136.74527318511457,38.99294710602656,144.10799865722657,143.06900024414062
2021-05-17,144.44000244140625,145.8000030517578,144.3300018310547,145.11000061035156,145.11000061035156,4275100,2.5375578897871662,2.9983008633832573,0.0027401455798159446,-59307894.77764549,58.75357620260593,55.93494212467426,-19.77126776763757,143.7307674259629,58.646256733935445,143.7307674259629,148.09439223635835,139.2426088012393,38.44925630696427,143.8959991455078,143.66850051879882
2021-05-18,144.77999877929688,145.3000030517578,143.22999572753906,143.91000366210938,143.91000366210938,3824100,2.3402258700848506,2.866685864723576,-0.007807258373992987,-60619522.177026294,55.68660627636858,46.99381081613076,-26.307198641003755,143.75466559078245,64.51003171420741,143.75466559078245,147.58929788141324,140.3227031561844,37.40703751509447,143.83399963378906,143.95600051879882
2021-05-19,142.32000732421875,143.1999969482422,140.9199981689453,143.19000244140625,143.19000244140625,4300700,2.10151577584503,2.7136518469478665,-0.04076532918335651,-56356526.9126074,53.869598749469525,41.96299041030981,-30.22877378679749,143.67937717086562,63.71721059961391,143.67937717086562,147.58271413176814,140.29328684479438,35.42494368679448,144.21199951171874,143.93800048828126
2021-05-20,143.1199951171875,144.91000366210938,142.16000366210938,143.8800048828125,143.8800048828125,4112500,1.9455862298052864,2.5600387235193507,-0.05263583029818664,-55324659.62523169,55.372433600351556,48.55972268060286,-26.47059067967265,143.70612753245854,55.53811803318418,143.70612753245854,147.50369800169764,140.63230358521642,34.12484342877463,144.15400085449218,144.06800079345703
2021-05-21,144.27999877929688,145.6999969482422,144.27999877929688,144.74000549316406,144.74000549316406,4033500,1.8698513210009935,2.4220012430156794,-0.031164364994984428,-56744864.592941046,57.24213747358831,56.2985903823454,-21.78649165046736,143.84397792721927,61.817003110121654,143.84397792721927,147.54569679734865,140.82130607130367,33.15410446624198,144.16600341796874,144.18350143432616
2021-05-24,145.05999755859375,145.38999938964844,144.17999267578125,144.72000122070312,144.72000122070312,3297600,1.7876102246075902,2.2951230393340616,-0.00471549085738765,-57099121.95305908,57.18212540437493,56.053396253314126,-21.895447379203336,143.96078103301713,72.81085565887643,143.96078103301713,147.48689196563456,141.19511029266621,32.20601053051305,144.08800354003907,144.34100112915038
2021-05-25,144.9199981689453,145.0,143.1999969482422,143.7899932861328,143.7899932861328,3937200,1.6286160235403884,2.161821636175327,-0.007352862409837346,-58455289.016171016,54.330359239644444,44.73190062204798,-27.168012488421912,143.93800933343255,72.60616885660984,143.93800933343255,147.4030380259218,141.4569641103087,30.862078006627936,144.06400146484376,144.43000106811525
2021-05-26,143.5,143.99000549316406,143.0399932861328,143.3800048828125,143.3800048828125,3083800,1.4527825629118638,2.0200138215226344,-0.028184390545282767,-59331690.513119295,53.073742237610176,40.25185252474277,-32.445515884561566,143.86360874001653,58.00104098808648,143.86360874001653,147.3899233619296,141.50807926258213,29.537772829570155,144.102001953125,144.44900131225586
2021-05-27,143.82000732421875,144.77000427246094,143.6300048828125,143.82000732421875,143.82000732421875,5630300,1.333565287797569,1.8827241147776212,-0.03667343791644573,-63085198.72609998,54.29550659474225,47.32860021664494,-30.44552632423786,143.85779521791017,41.276308838474044,143.85779521791017,147.3805679745324,141.4754348330848,28.60344675584307,144.09000244140626,144.4280014038086
2021-05-28,144.2100067138672,144.3300018310547,143.49000549316406,143.74000549316406,143.74000549316406,2534600,1.218582202107683,1.7498957322436337,-0.040006052168928274,-64111101.67251234,54.02011129218573,46.08794400000195,-30.94058704778379,143.84208992127736,31.19161615125256,143.84208992127736,147.2558256978324,141.78617717081994,27.6607063593713,143.89000244140624,144.52100143432617
2021-06-01,145.0,145.8300018310547,143.75,144.19000244140625,144.19000244140625,2417500,1.150505954750514,1.6300177767450097,-0.027901127007345927,-65505808.43625807,55.390715990319705,54.47806403133873,-37.790696200766995,143.88847825729454,33.44343722340631,143.88847825729454,147.2293406760329,141.75666243676005,27.355734860646198,143.78400268554688,144.49300155639648
2021-06-02,144.6199951171875,145.75,144.11000061035156,145.72000122070312,145.72000122070312,2786900,1.2061098692179826,1.5452361952396043,0.02602213671991649,-62820864.08154692,59.780536586112575,72.6004967864917,-27.379914838516896,144.13268131908234,55.687951297336575,144.13268131908234,147.22511450080796,141.75788873405534,27.072547040401457,144.17000427246094,144.49150161743165
2021-06-03,144.91000366210938,145.8800048828125,144.0399932861328,145.5500030517578,145.5500030517578,4130600,1.2223682403610496,1.4806626042638933,0.07300440666457853,-60171891.225434735,59.08481537475292,68.79662326694162,-38.9499571487126,144.32165755010573,74.48952208233777,144.32165755010573,147.26290517498686,141.7530982429819,26.861023686891638,144.60400390625,144.50800170898438
2021-06-04,146.0,147.5500030517578,145.75999450683594,147.4199981689453,147.4199981689453,3117900,1.3703495576947944,1.4585999949500734,0.15101375347199575,-57506885.40325419,64.04216834816582,81.86305237182697,-16.11730074151358,144.73476963261768,93.01587790459003,144.73476963261768,146.95093061351008,141.96507280445866,27.28837381069166,145.32400207519532,144.45800170898437
2021-06-07,147.5500030517578,148.74000549316406,147.1699981689453,148.02000427246094,148.02000427246094,3462700,1.5185365518100014,1.470587306322059,0.2275306534324839,-57220155.58946886,65.48709794026887,84.47112933681784,-8.791221075381005,145.17280091793012,89.52047651670597,145.17280091793012,147.49906325713505,141.67293991669305,28.074418091295776,146.18000183105468,144.58600158691405
2021-06-08,148.1199951171875,150.1999969482422,148.1199951171875,149.07000732421875,149.07000732421875,5080100,1.7010931404814187,1.516688473153931,0.30183971552197875,-57659724.08523235,67.91678660243275,88.18700472031263,-11.709744442792944,145.69242843876862,88.00835485755728,145.69242843876862,148.18372274284522,141.27828134651023,29.231093956476688,147.1560028076172,144.73100204467772
2021-06-09,149.02999877929688,151.07000732421875,148.82000732421875,150.6699981689453,150.6699981689453,5303300,1.9523707273049524,1.6038249239841353,0.38535043174807715,-54242085.021376014,71.23939244103758,91.8854702435518,-3.8023668518897247,146.35610440279217,87.17904597064408,146.35610440279217,149.35552074811483,140.75148303606488,30.538040070220998,148.14600219726563,145.05350189208986
2021-06-10,151.47000122070312,152.83999633789062,149.75999450683594,150.5399932861328,150.5399932861328,4758500,2.1166206325713404,1.7063840657015763,0.43154029263166027,-56590440.87544659,70.59961321296618,89.0536514782002,-18.71443700748786,146.91395625390425,81.16003126601356,146.91395625390425,150.08235578037903,140.94864702723817,32.177451136730184,149.1440002441406,145.5155014038086
2021-06-11,150.42999267578125,151.85000610351562,150.3699951171875,151.27999877929688,151.27999877929688,3438300,2.28021720016838,1.821150692594937,0.4569104253358658,-55800575.51676461,72.13369755693225,91.02230300874301,-12.693233611070761,147.49609525728994,78.10362565186755,147.49609525728994,151.0318587291397,140.7101441395126,33.69976141277442,149.91600036621094,145.87100143432616
2021-06-14,150.7100067138672,151.02999877929688,148.66000366210938,150.02999877929688,150.02999877929688,3344800,2.28269066822682,1.9134586877213136,0.42060298187034384,-55278397.36585037,65.88035950473706,65.97069033610937,-23.573808642978843,147.8339490602242,60.15568835600117,147.8339490602242,151.57209850176255,140.70490497724134,33.87529968392617,150.31799926757813,146.13850173950195
2021-06-15,149.85000610351562,149.91000366210938,148.60000610351562,149.36000061035156,149.36000061035156,2513300,2.2051678543028856,1.971800521037628,0.3431771239503334,-54875517.58902513,62.74077706108919,55.699659665,-29.19459951433008,148.03742260024117,43.6258051688209,148.03742260024117,151.93735984253175,140.76464363647216,33.99697861076152,150.3759979248047,146.35100173950195
2021-06-16,149.75999450683594,149.75999450683594,147.22000122070312,147.8300018310547,147.8300018310547,3878900,1.9972493042555755,1.9768902776812174,0.22295433531613895,-56891317.09942096,56.15907757259892,38.56204056257709,-42.03016171502671,148.00976649768296,23.081573887936727,148.00976649768296,152.0515022547467,141.04250104115175,33.187830116056894,149.80799865722656,146.54700164794923
2021-06-17,147.5500030517578,148.05999755859375,145.27999877929688,145.60000610351562,145.60000610351562,4367400,1.6336980824574994,1.9082518386364737,0.05770352274991897,-60253249.04080083,48.21932588176895,24.710410907914255,-60.7381824372847,147.688465111794,11.216427648634143,147.688465111794,151.97475320360138,141.360250458508,31.33250568117264,148.82000122070312,146.6675018310547
2021-06-18,144.47999572753906,144.67999267578125,143.0399932861328,143.1199951171875,143.1199951171875,9156500,1.1324112279233418,1.7530837164938473,-0.14187421798259603,-68516411.18875532,41.236887804351156,16.480807105772453,-81.54364692795212,147.0793357791798,5.575372236288385,147.0793357791798,152.02617382798746,141.2328288575594,29.616511541582078,147.18800048828126,146.62950134277344
2021-06-21,144.11000061035156,147.07000732421875,144.05999755859375,146.64999389648438,146.64999389648438,4285500,1.0083554897800866,1.604138071151095,-0.20705945354767552,-65426899.03245716,51.911112132903106,47.55653463694885,-51.92955865994016,147.0220901948204,19.473080181497696,147.0220901948204,152.05169189641705,141.39830962946186,28.011279946389113,146.51199951171876,146.72500076293946
2021-06-22,146.52000427246094,146.80999755859375,145.35000610351562,146.36000061035156,146.36000061035156,2437000,0.8765362249361317,1.4586177019081024,-0.2152581161187439,-64492157.91082509,51.09006876819119,45.80634907955912,-54.36238861530308,146.93381158355788,34.31779078917817,146.93381158355788,152.05765620016098,141.55634526468276,26.520707750852786,145.91199951171876,146.80700073242187
2021-06-23,146.42999267578125,146.5,144.57000732421875,144.61000061035156,144.61000061035156,3202600,0.6236688667257795,1.2916279348716377,-0.24034448417845633,-67562029.42975238,46.32811493562217,35.85317438445615,-69.043598924204,146.6239701204637,44.40903941867313,146.6239701204637,152.0159362609445,141.6800659363211,24.765414685844885,145.26799926757812,146.8480010986328
2021-06-24,145.8000030517578,146.19000244140625,144.69000244140625,145.44000244140625,145.44000244140625,3609700,0.4846570499018128,1.1302337578776727,-0.2344246447964493,-67562029.42975238,48.767176001443616,43.173611573703326,-62.08049524506873,146.46610776325605,46.74441706965288,146.46610776325605,151.91650300914674,141.98549894397829,23.135499696908976,145.23599853515626,146.9510009765625
2021-06-25,145.3800048828125,146.92999267578125,144.9499969482422,146.83999633789062,146.83999633789062,3594200,0.4819019253301633,1.0005673913681707,-0.17692116763873278,-64294562.294018224,52.673863327847016,54.19490862141237,-50.33557820194601,146.5159595732073,61.062284357307874,146.5159595732073,151.85666626776026,142.3473345867319,21.97683422842535,145.97999877929686,147.10200042724608
2021-06-28,147.00999450683594,147.3000030517578,144.91000366210938,145.2899932861328,145.2899932861328,3888900,0.3506046250232373,0.870574838099184,-0.15140671528880434,-66946858.08795429,48.28396576646785,42.72664081775365,-63.338961506114394,146.3524974015974,59.42832894088307,146.3524974015974,151.75977214743395,142.5992274863551,21.077502261298207,145.70799865722657,147.17949981689452
2021-06-29,145.25999450683594,146.74000549316406,145.10000610351562,145.5500030517578,145.5500030517578,2428500,0.26448239525970507,0.7493563495312883,-0.12988159328577442,-68042653.21537453,49.0510381416566,45.15998757707886,-61.15767119096659,146.24549815495212,51.54298426439911,146.24549815495212,151.68642219807248,142.80857749675175,20.242408291823008,145.5459991455078,147.24749984741212
2021-06-30,145.1300048828125,146.92999267578125,144.7100067138672,146.58999633789062,146.58999633789062,3245100,0.27695609681441624,0.6548762989879139,-0.08400045621232977,-65791543.3892021,52.11071154847618,54.76826403511497,-52.432893960360424,146.29143124601057,45.022390999920475,146.29143124601057,151.68602798568975,142.8959712208532,19.221297903768203,145.94199829101564,147.29099960327147
2021-07-01,146.9600067138672,147.5,146.57000732421875,146.83999633789062,146.83999633789062,2686100,0.30351576502036437,0.584604192194404,-0.03328944854916749,-66918023.60184239,52.843827113592255,57.03044967329907,-56.179813808356336,146.36457325826126,61.679305801537375,146.36457325826126,151.68378999788527,143.02720853727098,18.589919462871933,146.2219970703125,147.35549926757812
2021-07-02,146.91000366210938,146.9499969482422,139.4600067138672,140.02000427246094,140.02000427246094,16811200,-0.22317919832858024,0.4230475140898071,-0.1658359234873341,-81215406.98461236,36.4505264212548,21.079842786086118,-95.81466373046892,145.51863072682121,52.03524380267046,145.51863072682121,152.36579388555995,141.60520525994784,19.578048518201282,144.85799865722657,146.9854995727539
2021-07-06,139.99000549316406,140.4199981689453,137.10000610351562,138.77999877929688,138.77999877929688,8093700,-0.7322064118221192,0.19199672890742184,-0.344176364224813,-81117908.66124475,34.36320093180747,18.43823397418477,-89.32659645421973,144.6201464671513,33.15427754193905,144.6201464671513,152.95356916838375,140.09342942780768,21.083245347324432,143.55599975585938,146.52349929809571
2021-07-07,138.75999450683594,140.3300018310547,138.75999450683594,139.82000732421875,139.82000732421875,4059100,-1.039709029501978,-0.05434442277445814,-0.4519165174394435,-79695890.24776265,37.59117727856339,27.9093930413342,-82.7191683082316,143.9801279147603,16.42426934310709,143.9801279147603,153.00222353018563,139.1197750660058,22.4809281172245,142.41000061035157,146.0609992980957
